ITEM1,ITEM2,ITEM3,ITEM4,ITEM5,ITEM6,ITEM7,ITEM8,ITEM9,ITEM10
RICE,DAL,SUGAR,CHEESE,BREAD,COFFEE,PANEER,,,
BREAD,JAM,BUTTER,SUGAR,OATS,BOURNVITA,PANEER,,,
COFFEE,SUGAR,MILK,CHOCOLATE,BREAD,BOURNVITA,OATS,,,
COFFEE,SUGAR,MILK,TEA,JUICE,RICE,MAGGI,,,
EGGS,BREAD,MILK,BISCUIT,SUGAR,HONEY,JAM,,,
BREAD,JAM,BUTTER,BOURNVITA,CHOCOLATE,JUICE,DAL,,,
BREAD,JAM,BUTTER,CHOCOLATE,BOURNVITA,RICE,SUGAR,,,
OATS,HONEY,MILK,SUGAR,DAL,MAGGI,BISCUIT,,,
CHEESE,BREAD,BUTTER,SUGAR,PANEER,CHOCOLATE,HONEY,,,
MAGGI,TEA,BISCUIT,EGGS,DAL,JAM,MILK,,,
PANEER,RICE,DAL,SUGAR,OATS,HONEY,EGGS,,,
CHEESE,BREAD,BUTTER,TEA,CHOCOLATE,COFFEE,MAGGI,,,
CHEESE,BREAD,BUTTER,BISCUIT,EGGS,RICE,MAGGI,,,
CHEESE,BREAD,BUTTER,PANEER,DAL,MILK,CHOCOLATE,,,
MILK,BREAD,BISCUIT,CORNFLAKES,COFFEE,MAGGI,PANEER,,,
CHEESE,BREAD,BUTTER,HONEY,CORNFLAKES,JAM,MILK,,,
MILK,BREAD,BISCUIT,BOURNVITA,COFFEE,CHEESE,OATS,,,
BOURNVITA,MILK,CHOCOLATE,RICE,TEA,COFFEE,SUGAR,,,
RICE,DAL,SUGAR,BISCUIT,BUTTER,MAGGI,BOURNVITA,,,
OATS,HONEY,MILK,RICE,EGGS,TEA,BOURNVITA,,,
BREAD,JAM,BUTTER,SUGAR,CHEESE,EGGS,RICE,,,
EGGS,BREAD,MILK,CHEESE,PANEER,CHOCOLATE,RICE,,,
JUICE,BISCUIT,,MAGGI,TEA,SUGAR,PANEER,,,
BREAD,JAM,BUTTER,TEA,PANEER,JUICE,CORNFLAKES,,,
JUICE,BISCUIT,,EGGS,SUGAR,COFFEE,HONEY,,,
PANEER,RICE,DAL,EGGS,CHOCOLATE,CORNFLAKES,BISCUIT,,,
EGGS,BREAD,MILK,JAM,PANEER,TEA,HONEY,,,
MAGGI,TEA,BISCUIT,OATS,PANEER,BOURNVITA,SUGAR,,,
BREAD,JAM,BUTTER,SUGAR,BOURNVITA,CHEESE,PANEER,,,
BOURNVITA,MILK,CHOCOLATE,BREAD,COFFEE,CHEESE,BUTTER,,,
OATS,HONEY,MILK,CHEESE,BOURNVITA,BISCUIT,EGGS,,,
EGGS,BREAD,MILK,BUTTER,HONEY,SUGAR,JUICE,,,
BOURNVITA,MILK,CHOCOLATE,CORNFLAKES,CHEESE,DAL,PANEER,,,
RICE,DAL,SUGAR,JUICE,MAGGI,CORNFLAKES,HONEY,,,
BREAD,JAM,BUTTER,BISCUIT,CHOCOLATE,SUGAR,CORNFLAKES,,,
CHEESE,BREAD,BUTTER,CHOCOLATE,EGGS,PANEER,MAGGI,,,
BOURNVITA,MILK,CHOCOLATE,HONEY,SUGAR,MAGGI,DAL,,,
OATS,HONEY,MILK,MAGGI,JUICE,RICE,CHEESE,,,
CHEESE,BREAD,BUTTER,JAM,BISCUIT,BOURNVITA,EGGS,,,
COFFEE,SUGAR,MILK,TEA,JUICE,BUTTER,BISCUIT,,,
JUICE,BISCUIT,,COFFEE,BOURNVITA,CHEESE,HONEY,,,
RICE,DAL,SUGAR,BISCUIT,OATS,PANEER,BOURNVITA,,,
OATS,HONEY,MILK,EGGS,PANEER,DAL,CORNFLAKES,,,
MAGGI,TEA,BISCUIT,SUGAR,BUTTER,PANEER,CORNFLAKES,,,
MILK,BREAD,BISCUIT,BOURNVITA,PANEER,EGGS,BUTTER,,,
EGGS,BREAD,MILK,BUTTER,HONEY,TEA,SUGAR,,,
MILK,BREAD,BISCUIT,HONEY,BUTTER,JAM,CORNFLAKES,,,
BREAD,JAM,BUTTER,PANEER,CHOCOLATE,HONEY,SUGAR,,,
EGGS,BREAD,MILK,OATS,JAM,COFFEE,JUICE,,,
COFFEE,SUGAR,MILK,OATS,RICE,CORNFLAKES,CHEESE,,,
BOURNVITA,MILK,CHOCOLATE,TEA,MAGGI,BREAD,COFFEE,,,
MAGGI,TEA,BISCUIT,CORNFLAKES,OATS,EGGS,CHOCOLATE,,,
EGGS,BREAD,MILK,CHOCOLATE,JAM,SUGAR,TEA,,,
JUICE,BISCUIT,,CHEESE,DAL,EGGS,BOURNVITA,,,
COFFEE,SUGAR,MILK,DAL,BOURNVITA,CORNFLAKES,CHEESE,,,
JUICE,BISCUIT,,DAL,COFFEE,SUGAR,BUTTER,,,
BREAD,JAM,BUTTER,TEA,MAGGI,CHOCOLATE,JUICE,,,
CHEESE,BREAD,BUTTER,HONEY,JAM,RICE,MILK,,,
CHEESE,BREAD,BUTTER,COFFEE,EGGS,MILK,JUICE,,,
RICE,DAL,SUGAR,PANEER,BUTTER,OATS,TEA,,,
PANEER,RICE,DAL,SUGAR,CHOCOLATE,BOURNVITA,BISCUIT,,,
CHEESE,BREAD,BUTTER,DAL,TEA,EGGS,HONEY,,,
JUICE,BISCUIT,,MILK,DAL,BREAD,COFFEE,,,
MAGGI,TEA,BISCUIT,BREAD,CORNFLAKES,SUGAR,PANEER,,,
BOURNVITA,MILK,CHOCOLATE,PANEER,OATS,RICE,HONEY,,,
COFFEE,SUGAR,MILK,OATS,PANEER,DAL,BUTTER,,,
COFFEE,SUGAR,MILK,OATS,CHEESE,PANEER,BOURNVITA,,,
RICE,DAL,SUGAR,EGGS,BISCUIT,CORNFLAKES,TEA,,,
COFFEE,SUGAR,MILK,BREAD,CORNFLAKES,JAM,TEA,,,
BOURNVITA,MILK,CHOCOLATE,BISCUIT,EGGS,COFFEE,SUGAR,,,
OATS,HONEY,MILK,SUGAR,PANEER,CHEESE,BUTTER,,,
CHEESE,BREAD,BUTTER,TEA,EGGS,DAL,BISCUIT,,,
RICE,DAL,SUGAR,OATS,MILK,PANEER,CORNFLAKES,,,
MILK,BREAD,BISCUIT,JAM,OATS,COFFEE,PANEER,,,
JUICE,BISCUIT,,BREAD,HONEY,CHEESE,OATS,,,
BREAD,JAM,BUTTER,PANEER,CHOCOLATE,COFFEE,DAL,,,
OATS,HONEY,MILK,RICE,CHEESE,TEA,JAM,,,
RICE,DAL,SUGAR,BREAD,CHEESE,JAM,MILK,,,
MILK,BREAD,BISCUIT,CORNFLAKES,OATS,EGGS,SUGAR,,,
EGGS,BREAD,MILK,PANEER,OATS,MAGGI,RICE,,,
MILK,BREAD,BISCUIT,JAM,OATS,SUGAR,CORNFLAKES,,,
PANEER,RICE,DAL,COFFEE,BISCUIT,CHOCOLATE,CHEESE,,,
BREAD,JAM,BUTTER,DAL,MILK,EGGS,COFFEE,,,
RICE,DAL,SUGAR,BUTTER,OATS,MAGGI,EGGS,,,
RICE,DAL,SUGAR,PANEER,MILK,TEA,BOURNVITA,,,
MILK,BREAD,BISCUIT,MAGGI,COFFEE,HONEY,BOURNVITA,,,
EGGS,BREAD,MILK,JAM,BOURNVITA,CORNFLAKES,CHEESE,,,
EGGS,BREAD,MILK,TEA,DAL,JUICE,OATS,,,
CHEESE,BREAD,BUTTER,JAM,SUGAR,MILK,EGGS,,,
COFFEE,SUGAR,MILK,CORNFLAKES,RICE,BISCUIT,HONEY,,,
OATS,HONEY,MILK,BOURNVITA,EGGS,JAM,CHOCOLATE,,,
BREAD,JAM,BUTTER,CORNFLAKES,DAL,EGGS,BISCUIT,,,
CHEESE,BREAD,BUTTER,MAGGI,HONEY,CORNFLAKES,SUGAR,,,
EGGS,BREAD,MILK,MAGGI,CHEESE,OATS,COFFEE,,,
EGGS,BREAD,MILK,SUGAR,BISCUIT,TEA,CHEESE,,,
PANEER,RICE,DAL,BISCUIT,BREAD,COFFEE,BUTTER,,,
BREAD,JAM,BUTTER,CORNFLAKES,CHOCOLATE,BISCUIT,SUGAR,,,
BOURNVITA,MILK,CHOCOLATE,COFFEE,BISCUIT,CORNFLAKES,JAM,,,
BOURNVITA,MILK,CHOCOLATE,EGGS,RICE,BUTTER,BREAD,,,
JUICE,BISCUIT,,EGGS,HONEY,OATS,CORNFLAKES,,,
EGGS,BREAD,MILK,TEA,CHOCOLATE,RICE,DAL,,,
EGGS,BREAD,MILK,MAGGI,CHOCOLATE,COFFEE,RICE,,,
MAGGI,TEA,BISCUIT,PANEER,OATS,BOURNVITA,HONEY,,,
PANEER,RICE,DAL,OATS,TEA,CHOCOLATE,BOURNVITA,,,
RICE,DAL,SUGAR,BUTTER,PANEER,OATS,EGGS,,,
RICE,DAL,SUGAR,JAM,CORNFLAKES,BREAD,BOURNVITA,,,
OATS,HONEY,MILK,EGGS,CHOCOLATE,BUTTER,SUGAR,,,
CHEESE,BREAD,BUTTER,EGGS,COFFEE,JUICE,TEA,,,
RICE,DAL,SUGAR,MILK,CORNFLAKES,TEA,PANEER,,,
COFFEE,SUGAR,MILK,CHEESE,EGGS,BOURNVITA,CORNFLAKES,,,
MAGGI,TEA,BISCUIT,BREAD,CHEESE,RICE,SUGAR,,,
BREAD,JAM,BUTTER,BISCUIT,HONEY,DAL,EGGS,,,
BOURNVITA,MILK,CHOCOLATE,SUGAR,BISCUIT,HONEY,OATS,,,
PANEER,RICE,DAL,OATS,CHOCOLATE,CHEESE,MAGGI,,,
RICE,DAL,SUGAR,BREAD,BOURNVITA,CHEESE,COFFEE,,,
MAGGI,TEA,BISCUIT,RICE,JUICE,OATS,PANEER,,,
COFFEE,SUGAR,MILK,OATS,CORNFLAKES,TEA,JUICE,,,
RICE,DAL,SUGAR,JAM,CHEESE,MAGGI,CORNFLAKES,,,
CHEESE,BREAD,BUTTER,MILK,PANEER,COFFEE,JAM,,,
MILK,BREAD,BISCUIT,JAM,BOURNVITA,COFFEE,RICE,,,
OATS,HONEY,MILK,BUTTER,CHOCOLATE,BOURNVITA,COFFEE,,,
COFFEE,SUGAR,MILK,OATS,HONEY,BISCUIT,RICE,,,
OATS,HONEY,MILK,CHEESE,COFFEE,PANEER,DAL,,,
JUICE,BISCUIT,,CHOCOLATE,EGGS,OATS,COFFEE,,,
MAGGI,TEA,BISCUIT,PANEER,CHEESE,OATS,JUICE,,,
CHEESE,BREAD,BUTTER,JAM,TEA,SUGAR,DAL,,,
RICE,DAL,SUGAR,BOURNVITA,CHOCOLATE,JUICE,CHEESE,,,
MILK,BREAD,BISCUIT,CORNFLAKES,JAM,SUGAR,BUTTER,,,
COFFEE,SUGAR,MILK,PANEER,BUTTER,CHOCOLATE,TEA,,,
COFFEE,SUGAR,MILK,BOURNVITA,EGGS,BREAD,TEA,,,
JUICE,BISCUIT,,BREAD,CHEESE,CHOCOLATE,CORNFLAKES,,,
PANEER,RICE,DAL,OATS,CHEESE,BISCUIT,BREAD,,,
OATS,HONEY,MILK,PANEER,CORNFLAKES,JUICE,DAL,,,
RICE,DAL,SUGAR,PANEER,JUICE,TEA,OATS,,,
BREAD,JAM,BUTTER,BISCUIT,MILK,PANEER,CORNFLAKES,,,
PANEER,RICE,DAL,JAM,TEA,SUGAR,CORNFLAKES,,,
RICE,DAL,SUGAR,HONEY,JUICE,CHOCOLATE,CHEESE,,,
RICE,DAL,SUGAR,MILK,TEA,EGGS,OATS,,,
PANEER,RICE,DAL,OATS,MILK,COFFEE,SUGAR,,,
MILK,BREAD,BISCUIT,BOURNVITA,COFFEE,OATS,TEA,,,
BOURNVITA,MILK,CHOCOLATE,BREAD,JUICE,PANEER,TEA,,,
OATS,HONEY,MILK,COFFEE,SUGAR,JUICE,CORNFLAKES,,,
MILK,BREAD,BISCUIT,RICE,JAM,OATS,COFFEE,,,
MILK,BREAD,BISCUIT,OATS,JAM,CHEESE,CHOCOLATE,,,
RICE,DAL,SUGAR,CHEESE,TEA,OATS,EGGS,,,
RICE,DAL,SUGAR,MAGGI,CHOCOLATE,JAM,BOURNVITA,,,
PANEER,RICE,DAL,SUGAR,MAGGI,CHEESE,CHOCOLATE,,,
MAGGI,TEA,BISCUIT,JAM,CHOCOLATE,COFFEE,OATS,,,
OATS,HONEY,MILK,DAL,SUGAR,BREAD,BISCUIT,,,
EGGS,BREAD,MILK,RICE,BUTTER,SUGAR,HONEY,,,
BREAD,JAM,BUTTER,JUICE,MAGGI,COFFEE,SUGAR,,,
RICE,DAL,SUGAR,BUTTER,EGGS,CHOCOLATE,CHEESE,,,
CHEESE,BREAD,BUTTER,EGGS,BOURNVITA,TEA,CORNFLAKES,,,
JUICE,BISCUIT,,EGGS,JAM,RICE,MILK,,,
BOURNVITA,MILK,CHOCOLATE,JAM,COFFEE,BUTTER,EGGS,,,
MILK,BREAD,BISCUIT,EGGS,MAGGI,OATS,RICE,,,
MAGGI,TEA,BISCUIT,CHEESE,MILK,OATS,RICE,,,
OATS,HONEY,MILK,TEA,BOURNVITA,CORNFLAKES,BISCUIT,,,
BREAD,JAM,BUTTER,OATS,CHOCOLATE,EGGS,BOURNVITA,,,
COFFEE,SUGAR,MILK,HONEY,DAL,BREAD,PANEER,,,
EGGS,BREAD,MILK,HONEY,RICE,SUGAR,CHEESE,,,
JUICE,BISCUIT,,CHEESE,SUGAR,CHOCOLATE,TEA,,,
JUICE,BISCUIT,,RICE,OATS,BREAD,BUTTER,,,
BOURNVITA,MILK,CHOCOLATE,BISCUIT,JAM,MAGGI,HONEY,,,
MAGGI,TEA,BISCUIT,JUICE,RICE,DAL,MILK,,,
CHEESE,BREAD,BUTTER,SUGAR,COFFEE,PANEER,TEA,,,
RICE,DAL,SUGAR,BREAD,CORNFLAKES,CHEESE,HONEY,,,
MILK,BREAD,BISCUIT,MAGGI,CORNFLAKES,DAL,TEA,,,
BOURNVITA,MILK,CHOCOLATE,BISCUIT,CHEESE,PANEER,BREAD,,,
RICE,DAL,SUGAR,JUICE,COFFEE,CHEESE,OATS,,,
RICE,DAL,SUGAR,MILK,BISCUIT,OATS,TEA,,,
MAGGI,TEA,BISCUIT,RICE,SUGAR,OATS,JAM,,,
MAGGI,TEA,BISCUIT,DAL,JUICE,SUGAR,CHOCOLATE,,,
JUICE,BISCUIT,,SUGAR,COFFEE,MILK,RICE,,,
BOURNVITA,MILK,CHOCOLATE,OATS,COFFEE,CORNFLAKES,TEA,,,
MAGGI,TEA,BISCUIT,PANEER,SUGAR,RICE,CHEESE,,,
MAGGI,TEA,BISCUIT,RICE,CHEESE,COFFEE,JUICE,,,
COFFEE,SUGAR,MILK,JUICE,RICE,DAL,BUTTER,,,
MILK,BREAD,BISCUIT,RICE,HONEY,JUICE,BOURNVITA,,,
PANEER,RICE,DAL,BREAD,TEA,CORNFLAKES,CHEESE,,,
BREAD,JAM,BUTTER,BISCUIT,MAGGI,HONEY,PANEER,,,
OATS,HONEY,MILK,TEA,BREAD,MAGGI,BOURNVITA,,,
JUICE,BISCUIT,,JAM,TEA,HONEY,COFFEE,,,
CHEESE,BREAD,BUTTER,TEA,MILK,COFFEE,DAL,,,
MAGGI,TEA,BISCUIT,RICE,PANEER,OATS,EGGS,,,
BREAD,JAM,BUTTER,JUICE,DAL,CHOCOLATE,COFFEE,,,
EGGS,BREAD,MILK,COFFEE,DAL,BISCUIT,CHEESE,,,
RICE,DAL,SUGAR,BREAD,CHEESE,TEA,BOURNVITA,,,
MILK,BREAD,BISCUIT,DAL,TEA,MAGGI,JAM,,,
MILK,BREAD,BISCUIT,CHOCOLATE,BUTTER,TEA,COFFEE,,,
COFFEE,SUGAR,MILK,TEA,BOURNVITA,CHOCOLATE,CHEESE,,,
BREAD,JAM,BUTTER,MAGGI,EGGS,CORNFLAKES,MILK,,,
CHEESE,BREAD,BUTTER,EGGS,CHOCOLATE,BISCUIT,OATS,,,
MAGGI,TEA,BISCUIT,OATS,RICE,EGGS,JUICE,,,
OATS,HONEY,MILK,MAGGI,PANEER,BUTTER,DAL,,,
BREAD,JAM,BUTTER,CHEESE,CHOCOLATE,BOURNVITA,MAGGI,,,
OATS,HONEY,MILK,RICE,JAM,CHEESE,COFFEE,,,
BOURNVITA,MILK,CHOCOLATE,JUICE,MAGGI,RICE,TEA,,,
PANEER,RICE,DAL,TEA,EGGS,MAGGI,JUICE,,,
BREAD,JAM,BUTTER,MILK,CORNFLAKES,BOURNVITA,CHEESE,,,
CHEESE,BREAD,BUTTER,EGGS,BISCUIT,DAL,JAM,,,
COFFEE,SUGAR,MILK,MAGGI,PANEER,JUICE,BUTTER,,,
RICE,DAL,SUGAR,HONEY,JAM,JUICE,TEA,,,
COFFEE,SUGAR,MILK,HONEY,BREAD,CHEESE,OATS,,,
MAGGI,TEA,BISCUIT,OATS,RICE,MILK,COFFEE,,,
BOURNVITA,MILK,CHOCOLATE,COFFEE,CHEESE,SUGAR,BISCUIT,,,
OATS,HONEY,MILK,JAM,COFFEE,BOURNVITA,CHOCOLATE,,,
EGGS,BREAD,MILK,MAGGI,BISCUIT,CHEESE,DAL,,,
PANEER,RICE,DAL,JAM,EGGS,CHEESE,BOURNVITA,,,
EGGS,BREAD,MILK,SUGAR,TEA,PANEER,MAGGI,,,
JUICE,BISCUIT,,JAM,OATS,COFFEE,HONEY,,,
JUICE,BISCUIT,,JAM,TEA,COFFEE,CHOCOLATE,,,
EGGS,BREAD,MILK,MAGGI,BUTTER,HONEY,DAL,,,
EGGS,BREAD,MILK,CHOCOLATE,CHEESE,MAGGI,DAL,,,
MAGGI,TEA,BISCUIT,BOURNVITA,CHEESE,COFFEE,CHOCOLATE,,,
BREAD,JAM,BUTTER,EGGS,MILK,PANEER,TEA,,,
BOURNVITA,MILK,CHOCOLATE,SUGAR,BUTTER,RICE,JUICE,,,
JUICE,BISCUIT,,BOURNVITA,CORNFLAKES,CHEESE,MILK,,,
PANEER,RICE,DAL,TEA,HONEY,CORNFLAKES,EGGS,,,
PANEER,RICE,DAL,CHOCOLATE,HONEY,EGGS,MAGGI,,,
JUICE,BISCUIT,,EGGS,BOURNVITA,TEA,CORNFLAKES,,,
RICE,DAL,SUGAR,MAGGI,HONEY,PANEER,JUICE,,,
MILK,BREAD,BISCUIT,EGGS,CHOCOLATE,BUTTER,MAGGI,,,
PANEER,RICE,DAL,BUTTER,BREAD,MILK,JUICE,,,
BREAD,JAM,BUTTER,BISCUIT,SUGAR,RICE,TEA,,,
MILK,BREAD,BISCUIT,PANEER,JUICE,CORNFLAKES,CHOCOLATE,,,
BOURNVITA,MILK,CHOCOLATE,EGGS,OATS,MAGGI,CHEESE,,,
MAGGI,TEA,BISCUIT,SUGAR,EGGS,CORNFLAKES,PANEER,,,
JUICE,BISCUIT,,TEA,BOURNVITA,MILK,JAM,,,
BREAD,JAM,BUTTER,CHOCOLATE,OATS,COFFEE,DAL,,,
JUICE,BISCUIT,,MAGGI,CORNFLAKES,TEA,CHOCOLATE,,,
RICE,DAL,SUGAR,PANEER,EGGS,MAGGI,COFFEE,,,
EGGS,BREAD,MILK,BISCUIT,JAM,BUTTER,CHEESE,,,
PANEER,RICE,DAL,CHEESE,MAGGI,MILK,BISCUIT,,,
BOURNVITA,MILK,CHOCOLATE,BUTTER,MAGGI,RICE,BISCUIT,,,
RICE,DAL,SUGAR,CORNFLAKES,TEA,EGGS,BREAD,,,
MAGGI,TEA,BISCUIT,JUICE,HONEY,BOURNVITA,SUGAR,,,
COFFEE,SUGAR,MILK,BREAD,MAGGI,CHEESE,OATS,,,
BOURNVITA,MILK,CHOCOLATE,EGGS,COFFEE,PANEER,JAM,,,
CHEESE,BREAD,BUTTER,OATS,PANEER,JUICE,TEA,,,
OATS,HONEY,MILK,BREAD,SUGAR,CHOCOLATE,CHEESE,,,
PANEER,RICE,DAL,COFFEE,HONEY,EGGS,TEA,,,
BOURNVITA,MILK,CHOCOLATE,OATS,HONEY,SUGAR,BUTTER,,,
BREAD,JAM,BUTTER,CORNFLAKES,HONEY,MILK,DAL,,,
JUICE,BISCUIT,,BOURNVITA,RICE,MAGGI,TEA,,,
JUICE,BISCUIT,,OATS,HONEY,BREAD,CHOCOLATE,,,
CHEESE,BREAD,BUTTER,SUGAR,BOURNVITA,CHOCOLATE,HONEY,,,
BOURNVITA,MILK,CHOCOLATE,OATS,PANEER,BUTTER,MAGGI,,,
BREAD,JAM,BUTTER,MAGGI,PANEER,BISCUIT,CORNFLAKES,,,
BOURNVITA,MILK,CHOCOLATE,TEA,SUGAR,HONEY,CHEESE,,,
MILK,BREAD,BISCUIT,COFFEE,OATS,DAL,CHOCOLATE,,,
PANEER,RICE,DAL,BISCUIT,HONEY,MAGGI,BREAD,,,
BREAD,JAM,BUTTER,TEA,MILK,CHEESE,JUICE,,,
EGGS,BREAD,MILK,CHEESE,RICE,PANEER,BUTTER,,,
BOURNVITA,MILK,CHOCOLATE,DAL,RICE,OATS,CHEESE,,,
MAGGI,TEA,BISCUIT,COFFEE,CHOCOLATE,CHEESE,JAM,,,
BREAD,JAM,BUTTER,CHEESE,JUICE,TEA,MAGGI,,,
BREAD,JAM,BUTTER,JUICE,TEA,CHOCOLATE,BOURNVITA,,,
CHEESE,BREAD,BUTTER,TEA,BOURNVITA,DAL,BISCUIT,,,
PANEER,RICE,DAL,COFFEE,MAGGI,OATS,HONEY,,,
BOURNVITA,MILK,CHOCOLATE,OATS,MAGGI,RICE,BREAD,,,
COFFEE,SUGAR,MILK,TEA,BOURNVITA,EGGS,OATS,,,
BOURNVITA,MILK,CHOCOLATE,TEA,RICE,DAL,MAGGI,,,
JUICE,BISCUIT,,MAGGI,SUGAR,BOURNVITA,BREAD,,,
MILK,BREAD,BISCUIT,JUICE,CHOCOLATE,DAL,PANEER,,,
COFFEE,SUGAR,MILK,BUTTER,DAL,TEA,JUICE,,,
EGGS,BREAD,MILK,JUICE,COFFEE,TEA,RICE,,,
OATS,HONEY,MILK,DAL,MAGGI,TEA,EGGS,,,
CHEESE,BREAD,BUTTER,RICE,TEA,COFFEE,EGGS,,,
CHEESE,BREAD,BUTTER,PANEER,DAL,COFFEE,RICE,,,
MAGGI,TEA,BISCUIT,CHOCOLATE,DAL,JAM,JUICE,,,
BOURNVITA,MILK,CHOCOLATE,JUICE,CHEESE,TEA,MAGGI,,,
PANEER,RICE,DAL,MILK,COFFEE,TEA,JUICE,,,
JUICE,BISCUIT,,BREAD,MAGGI,BOURNVITA,JAM,,,
JUICE,BISCUIT,,RICE,CORNFLAKES,MILK,JAM,,,
COFFEE,SUGAR,MILK,PANEER,CHEESE,BOURNVITA,CORNFLAKES,,,
MILK,BREAD,BISCUIT,BUTTER,DAL,RICE,HONEY,,,
RICE,DAL,SUGAR,HONEY,BOURNVITA,CHEESE,MILK,,,
JUICE,BISCUIT,,HONEY,RICE,BREAD,TEA,,,
BOURNVITA,MILK,CHOCOLATE,BREAD,JUICE,MAGGI,TEA,,,
OATS,HONEY,MILK,COFFEE,RICE,JUICE,BISCUIT,,,
BREAD,JAM,BUTTER,SUGAR,OATS,JUICE,HONEY,,,
CHEESE,BREAD,BUTTER,MILK,BISCUIT,MAGGI,JAM,,,
CHEESE,BREAD,BUTTER,EGGS,JAM,MILK,PANEER,,,
MILK,BREAD,BISCUIT,HONEY,MAGGI,CORNFLAKES,PANEER,,,
JUICE,BISCUIT,,OATS,TEA,HONEY,RICE,,,
PANEER,RICE,DAL,MAGGI,HONEY,CHOCOLATE,JUICE,,,
EGGS,BREAD,MILK,CORNFLAKES,PANEER,MAGGI,HONEY,,,
EGGS,BREAD,MILK,PANEER,SUGAR,HONEY,MAGGI,,,
BOURNVITA,MILK,CHOCOLATE,CORNFLAKES,HONEY,DAL,CHEESE,,,
RICE,DAL,SUGAR,EGGS,PANEER,BREAD,CHOCOLATE,,,
CHEESE,BREAD,BUTTER,COFFEE,TEA,OATS,CORNFLAKES,,,
EGGS,BREAD,MILK,CHOCOLATE,BUTTER,CORNFLAKES,HONEY,,,
BOURNVITA,MILK,CHOCOLATE,BUTTER,CHEESE,DAL,RICE,,,
MILK,BREAD,BISCUIT,JUICE,CHEESE,BUTTER,RICE,,,
JUICE,BISCUIT,,PANEER,TEA,BREAD,BOURNVITA,,,
BOURNVITA,MILK,CHOCOLATE,RICE,JUICE,BUTTER,MAGGI,,,
MAGGI,TEA,BISCUIT,JUICE,RICE,BUTTER,DAL,,,
COFFEE,SUGAR,MILK,CHEESE,BUTTER,RICE,CHOCOLATE,,,
BOURNVITA,MILK,CHOCOLATE,SUGAR,COFFEE,PANEER,DAL,,,
MAGGI,TEA,BISCUIT,RICE,PANEER,SUGAR,HONEY,,,
PANEER,RICE,DAL,SUGAR,BOURNVITA,CORNFLAKES,CHEESE,,,
RICE,DAL,SUGAR,PANEER,JUICE,BOURNVITA,CORNFLAKES,,,
PANEER,RICE,DAL,BUTTER,MILK,BISCUIT,CORNFLAKES,,,
OATS,HONEY,MILK,SUGAR,BISCUIT,EGGS,TEA,,,
PANEER,RICE,DAL,BISCUIT,BREAD,MILK,CHOCOLATE,,,
COFFEE,SUGAR,MILK,BUTTER,JAM,BOURNVITA,JUICE,,,
BOURNVITA,MILK,CHOCOLATE,CHEESE,OATS,DAL,PANEER,,,
MILK,BREAD,BISCUIT,HONEY,DAL,CHOCOLATE,CHEESE,,,
BREAD,JAM,BUTTER,PANEER,TEA,CHEESE,HONEY,,,
OATS,HONEY,MILK,MAGGI,RICE,CORNFLAKES,BUTTER,,,
EGGS,BREAD,MILK,TEA,SUGAR,PANEER,JUICE,,,
JUICE,BISCUIT,,CORNFLAKES,MAGGI,RICE,JAM,,,
COFFEE,SUGAR,MILK,PANEER,EGGS,BISCUIT,CHEESE,,,
MAGGI,TEA,BISCUIT,HONEY,BREAD,EGGS,SUGAR,,,
BREAD,JAM,BUTTER,JUICE,TEA,EGGS,COFFEE,,,
CHEESE,BREAD,BUTTER,HONEY,DAL,PANEER,EGGS,,,
MILK,BREAD,BISCUIT,DAL,SUGAR,CHEESE,JUICE,,,
RICE,DAL,SUGAR,PANEER,COFFEE,HONEY,TEA,,,
BREAD,JAM,BUTTER,HONEY,CHEESE,CORNFLAKES,RICE,,,
RICE,DAL,SUGAR,CHOCOLATE,MAGGI,OATS,EGGS,,,
BOURNVITA,MILK,CHOCOLATE,HONEY,BISCUIT,JAM,BREAD,,,
MAGGI,TEA,BISCUIT,CORNFLAKES,OATS,HONEY,PANEER,,,
OATS,HONEY,MILK,TEA,BUTTER,CHOCOLATE,COFFEE,,,
CHEESE,BREAD,BUTTER,COFFEE,EGGS,BOURNVITA,HONEY,,,
OATS,HONEY,MILK,JAM,EGGS,BOURNVITA,JUICE,,,
PANEER,RICE,DAL,COFFEE,TEA,BOURNVITA,SUGAR,,,
PANEER,RICE,DAL,BREAD,CORNFLAKES,CHEESE,COFFEE,,,
EGGS,BREAD,MILK,MAGGI,CORNFLAKES,SUGAR,COFFEE,,,
OATS,HONEY,MILK,CORNFLAKES,COFFEE,CHOCOLATE,JAM,,,
RICE,DAL,SUGAR,MAGGI,COFFEE,EGGS,TEA,,,
JUICE,BISCUIT,,CHOCOLATE,EGGS,BOURNVITA,RICE,,,
JUICE,BISCUIT,,MILK,PANEER,MAGGI,BOURNVITA,,,
EGGS,BREAD,MILK,SUGAR,CORNFLAKES,DAL,JAM,,,
BOURNVITA,MILK,CHOCOLATE,DAL,PANEER,JUICE,EGGS,,,
BREAD,JAM,BUTTER,TEA,CORNFLAKES,MAGGI,COFFEE,,,
BOURNVITA,MILK,CHOCOLATE,JUICE,RICE,COFFEE,TEA,,,
OATS,HONEY,MILK,JUICE,EGGS,BUTTER,BISCUIT,,,
COFFEE,SUGAR,MILK,MAGGI,BREAD,HONEY,RICE,,,
MILK,BREAD,BISCUIT,JUICE,DAL,RICE,SUGAR,,,
OATS,HONEY,MILK,RICE,EGGS,JAM,CORNFLAKES,,,
MILK,BREAD,BISCUIT,PANEER,CORNFLAKES,CHOCOLATE,OATS,,,
EGGS,BREAD,MILK,BISCUIT,CHEESE,HONEY,CHOCOLATE,,,
MAGGI,TEA,BISCUIT,CORNFLAKES,SUGAR,BUTTER,PANEER,,,
COFFEE,SUGAR,MILK,BOURNVITA,BUTTER,MAGGI,CHOCOLATE,,,
CHEESE,BREAD,BUTTER,CHOCOLATE,COFFEE,MILK,EGGS,,,
EGGS,BREAD,MILK,TEA,JUICE,OATS,JAM,,,
OATS,HONEY,MILK,MAGGI,RICE,CHOCOLATE,TEA,,,
RICE,DAL,SUGAR,BUTTER,BREAD,CORNFLAKES,MAGGI,,,
EGGS,BREAD,MILK,JAM,CHEESE,BOURNVITA,BISCUIT,,,
PANEER,RICE,DAL,CHOCOLATE,HONEY,JUICE,SUGAR,,,
OATS,HONEY,MILK,DAL,TEA,CORNFLAKES,JUICE,,,
PANEER,RICE,DAL,JUICE,HONEY,CORNFLAKES,BOURNVITA,,,
BREAD,JAM,BUTTER,HONEY,SUGAR,RICE,JUICE,,,
MAGGI,TEA,BISCUIT,BOURNVITA,HONEY,JUICE,BREAD,,,
BREAD,JAM,BUTTER,TEA,BOURNVITA,CHEESE,SUGAR,,,
PANEER,RICE,DAL,BISCUIT,COFFEE,BOURNVITA,EGGS,,,
OATS,HONEY,MILK,TEA,BUTTER,CORNFLAKES,BREAD,,,
OATS,HONEY,MILK,BUTTER,SUGAR,RICE,BOURNVITA,,,
EGGS,BREAD,MILK,CHOCOLATE,BUTTER,SUGAR,DAL,,,
JUICE,BISCUIT,,BUTTER,EGGS,COFFEE,BOURNVITA,,,
PANEER,RICE,DAL,MILK,OATS,BOURNVITA,JUICE,,,
MAGGI,TEA,BISCUIT,JAM,CHOCOLATE,EGGS,MILK,,,
COFFEE,SUGAR,MILK,RICE,CHOCOLATE,JAM,OATS,,,
COFFEE,SUGAR,MILK,CHEESE,JUICE,EGGS,BOURNVITA,,,
PANEER,RICE,DAL,HONEY,COFFEE,BREAD,MAGGI,,,
EGGS,BREAD,MILK,CHOCOLATE,RICE,HONEY,OATS,,,
BOURNVITA,MILK,CHOCOLATE,OATS,EGGS,BUTTER,BREAD,,,
MAGGI,TEA,BISCUIT,JAM,MILK,PANEER,COFFEE,,,
MILK,BREAD,BISCUIT,MAGGI,CHEESE,RICE,CHOCOLATE,,,
BOURNVITA,MILK,CHOCOLATE,JUICE,JAM,RICE,BREAD,,,
COFFEE,SUGAR,MILK,PANEER,CHOCOLATE,BREAD,JUICE,,,
OATS,HONEY,MILK,RICE,COFFEE,CORNFLAKES,PANEER,,,
JUICE,BISCUIT,,HONEY,OATS,CHEESE,DAL,,,
JUICE,BISCUIT,,COFFEE,BREAD,OATS,BUTTER,,,
EGGS,BREAD,MILK,JUICE,TEA,BOURNVITA,CHOCOLATE,,,
BREAD,JAM,BUTTER,RICE,OATS,CHEESE,JUICE,,,
BOURNVITA,MILK,CHOCOLATE,HONEY,DAL,JUICE,JAM,,,
PANEER,RICE,DAL,TEA,CORNFLAKES,BREAD,HONEY,,,
PANEER,RICE,DAL,CORNFLAKES,TEA,BREAD,CHOCOLATE,,,
BREAD,JAM,BUTTER,EGGS,SUGAR,JUICE,COFFEE,,,
OATS,HONEY,MILK,MAGGI,BREAD,RICE,SUGAR,,,
CHEESE,BREAD,BUTTER,MILK,HONEY,OATS,DAL,,,
OATS,HONEY,MILK,TEA,PANEER,SUGAR,BISCUIT,,,
MAGGI,TEA,BISCUIT,CHOCOLATE,SUGAR,BOURNVITA,CORNFLAKES,,,
BOURNVITA,MILK,CHOCOLATE,TEA,COFFEE,CORNFLAKES,EGGS,,,
EGGS,BREAD,MILK,PANEER,TEA,CHEESE,CHOCOLATE,,,
MILK,BREAD,BISCUIT,COFFEE,TEA,RICE,PANEER,,,
MAGGI,TEA,BISCUIT,DAL,BREAD,JAM,CHEESE,,,
MILK,BREAD,BISCUIT,CHEESE,COFFEE,BOURNVITA,JUICE,,,
JUICE,BISCUIT,,CHOCOLATE,DAL,CORNFLAKES,PANEER,,,
MILK,BREAD,BISCUIT,SUGAR,BOURNVITA,RICE,PANEER,,,
EGGS,BREAD,MILK,SUGAR,RICE,MAGGI,JUICE,,,
MAGGI,TEA,BISCUIT,CORNFLAKES,HONEY,BOURNVITA,EGGS,,,
EGGS,BREAD,MILK,CHEESE,CHOCOLATE,COFFEE,MAGGI,,,
PANEER,RICE,DAL,CHEESE,MAGGI,BUTTER,MILK,,,
BREAD,JAM,BUTTER,CHEESE,JUICE,BOURNVITA,TEA,,,
COFFEE,SUGAR,MILK,BUTTER,BOURNVITA,BISCUIT,EGGS,,,
OATS,HONEY,MILK,BOURNVITA,SUGAR,MAGGI,BISCUIT,,,
MILK,BREAD,BISCUIT,TEA,RICE,BUTTER,MAGGI,,,
BOURNVITA,MILK,CHOCOLATE,DAL,CORNFLAKES,TEA,SUGAR,,,
BOURNVITA,MILK,CHOCOLATE,SUGAR,TEA,CORNFLAKES,MAGGI,,,
OATS,HONEY,MILK,CHEESE,CHOCOLATE,BISCUIT,RICE,,,
EGGS,BREAD,MILK,RICE,COFFEE,SUGAR,BISCUIT,,,
OATS,HONEY,MILK,CHEESE,EGGS,COFFEE,CHOCOLATE,,,
BREAD,JAM,BUTTER,COFFEE,PANEER,TEA,BISCUIT,,,
BOURNVITA,MILK,CHOCOLATE,SUGAR,TEA,JAM,COFFEE,,,
RICE,DAL,SUGAR,JAM,CORNFLAKES,BUTTER,OATS,,,
CHEESE,BREAD,BUTTER,COFFEE,CORNFLAKES,RICE,JAM,,,
RICE,DAL,SUGAR,OATS,MILK,BOURNVITA,CHOCOLATE,,,
COFFEE,SUGAR,MILK,CORNFLAKES,BISCUIT,RICE,PANEER,,,
MILK,BREAD,BISCUIT,HONEY,DAL,JUICE,CHEESE,,,
JUICE,BISCUIT,,JAM,BREAD,PANEER,CORNFLAKES,,,
MAGGI,TEA,BISCUIT,BREAD,JUICE,RICE,BOURNVITA,,,
MILK,BREAD,BISCUIT,MAGGI,OATS,HONEY,EGGS,,,
RICE,DAL,SUGAR,MAGGI,BOURNVITA,MILK,HONEY,,,
EGGS,BREAD,MILK,RICE,TEA,OATS,PANEER,,,
BREAD,JAM,BUTTER,JUICE,SUGAR,BOURNVITA,CHEESE,,,
RICE,DAL,SUGAR,CHEESE,OATS,TEA,BOURNVITA,,,
EGGS,BREAD,MILK,BOURNVITA,OATS,COFFEE,CORNFLAKES,,,
MAGGI,TEA,BISCUIT,CORNFLAKES,BOURNVITA,PANEER,DAL,,,
OATS,HONEY,MILK,EGGS,CHOCOLATE,CHEESE,TEA,,,
MILK,BREAD,BISCUIT,PANEER,CHOCOLATE,JUICE,BOURNVITA,,,
MILK,BREAD,BISCUIT,CORNFLAKES,PANEER,MAGGI,JUICE,,,
CHEESE,BREAD,BUTTER,CHOCOLATE,SUGAR,TEA,JUICE,,,
JUICE,BISCUIT,,PANEER,BOURNVITA,BREAD,MAGGI,,,
MILK,BREAD,BISCUIT,MAGGI,BUTTER,JAM,HONEY,,,
BREAD,JAM,BUTTER,CHEESE,COFFEE,MAGGI,OATS,,,
COFFEE,SUGAR,MILK,TEA,JUICE,PANEER,HONEY,,,
RICE,DAL,SUGAR,COFFEE,MILK,JAM,BUTTER,,,
BOURNVITA,MILK,CHOCOLATE,JUICE,BREAD,JAM,TEA,,,
CHEESE,BREAD,BUTTER,TEA,BOURNVITA,BISCUIT,HONEY,,,
MILK,BREAD,BISCUIT,PANEER,BOURNVITA,SUGAR,EGGS,,,
BOURNVITA,MILK,CHOCOLATE,DAL,PANEER,EGGS,JUICE,,,
COFFEE,SUGAR,MILK,CHOCOLATE,RICE,CORNFLAKES,BOURNVITA,,,
MAGGI,TEA,BISCUIT,CORNFLAKES,MILK,OATS,BOURNVITA,,,
MAGGI,TEA,BISCUIT,SUGAR,MILK,JAM,PANEER,,,
JUICE,BISCUIT,,BOURNVITA,DAL,CHEESE,CORNFLAKES,,,
COFFEE,SUGAR,MILK,RICE,BISCUIT,BUTTER,JAM,,,
MAGGI,TEA,BISCUIT,CORNFLAKES,HONEY,JAM,BREAD,,,
COFFEE,SUGAR,MILK,JAM,PANEER,CHEESE,TEA,,,
BREAD,JAM,BUTTER,TEA,CHEESE,OATS,MAGGI,,,
MILK,BREAD,BISCUIT,COFFEE,SUGAR,HONEY,EGGS,,,
BOURNVITA,MILK,CHOCOLATE,HONEY,CHEESE,BUTTER,DAL,,,
BOURNVITA,MILK,CHOCOLATE,JAM,MAGGI,RICE,TEA,,,
PANEER,RICE,DAL,OATS,MAGGI,JUICE,SUGAR,,,
MILK,BREAD,BISCUIT,BUTTER,EGGS,DAL,CORNFLAKES,,,
OATS,HONEY,MILK,BREAD,EGGS,CORNFLAKES,MAGGI,,,
MILK,BREAD,BISCUIT,EGGS,PANEER,CHOCOLATE,BUTTER,,,
EGGS,BREAD,MILK,HONEY,MAGGI,CHOCOLATE,BUTTER,,,
PANEER,RICE,DAL,JAM,CORNFLAKES,BOURNVITA,BUTTER,,,
BOURNVITA,MILK,CHOCOLATE,CHEESE,OATS,BISCUIT,DAL,,,
BREAD,JAM,BUTTER,CORNFLAKES,OATS,RICE,EGGS,,,
BREAD,JAM,BUTTER,COFFEE,OATS,JUICE,BOURNVITA,,,
PANEER,RICE,DAL,JAM,BISCUIT,BREAD,EGGS,,,
MAGGI,TEA,BISCUIT,CORNFLAKES,CHOCOLATE,SUGAR,OATS,,,
OATS,HONEY,MILK,BUTTER,COFFEE,CHEESE,TEA,,,
BOURNVITA,MILK,CHOCOLATE,CORNFLAKES,SUGAR,CHEESE,PANEER,,,
COFFEE,SUGAR,MILK,BREAD,OATS,MAGGI,RICE,,,
RICE,DAL,SUGAR,BUTTER,PANEER,MAGGI,BOURNVITA,,,
JUICE,BISCUIT,,PANEER,EGGS,OATS,HONEY,,,
COFFEE,SUGAR,MILK,DAL,CHOCOLATE,CHEESE,JUICE,,,
BREAD,JAM,BUTTER,DAL,HONEY,CHEESE,PANEER,,,
JUICE,BISCUIT,,BOURNVITA,JAM,RICE,MILK,,,
MILK,BREAD,BISCUIT,JAM,COFFEE,RICE,JUICE,,,
OATS,HONEY,MILK,CHOCOLATE,EGGS,BREAD,MAGGI,,,
RICE,DAL,SUGAR,EGGS,JAM,COFFEE,BREAD,,,
OATS,HONEY,MILK,DAL,BREAD,BISCUIT,RICE,,,
CHEESE,BREAD,BUTTER,MILK,PANEER,JUICE,EGGS,,,
MAGGI,TEA,BISCUIT,JAM,MILK,HONEY,DAL,,,
PANEER,RICE,DAL,JUICE,CHEESE,BREAD,MAGGI,,,
CHEESE,BREAD,BUTTER,HONEY,JUICE,CORNFLAKES,BOURNVITA,,,
BOURNVITA,MILK,CHOCOLATE,RICE,CORNFLAKES,MAGGI,SUGAR,,,
PANEER,RICE,DAL,BOURNVITA,BREAD,EGGS,CORNFLAKES,,,
PANEER,RICE,DAL,HONEY,JAM,TEA,BUTTER,,,
PANEER,RICE,DAL,CHEESE,CHOCOLATE,MAGGI,MILK,,,
BOURNVITA,MILK,CHOCOLATE,CORNFLAKES,JUICE,OATS,MAGGI,,,
BREAD,JAM,BUTTER,BOURNVITA,HONEY,BISCUIT,CHOCOLATE,,,
OATS,HONEY,MILK,BREAD,BUTTER,COFFEE,PANEER,,,
JUICE,BISCUIT,,DAL,CHEESE,HONEY,SUGAR,,,
RICE,DAL,SUGAR,COFFEE,TEA,CORNFLAKES,PANEER,,,
PANEER,RICE,DAL,SUGAR,MAGGI,JAM,CORNFLAKES,,,
CHEESE,BREAD,BUTTER,EGGS,BOURNVITA,CORNFLAKES,RICE,,,
JUICE,BISCUIT,,BUTTER,TEA,CHEESE,MAGGI,,,
JUICE,BISCUIT,,BUTTER,RICE,EGGS,PANEER,,,
COFFEE,SUGAR,MILK,DAL,JAM,BUTTER,CHEESE,,,
JUICE,BISCUIT,,BUTTER,MILK,EGGS,DAL,,,
JUICE,BISCUIT,,MAGGI,MILK,BREAD,DAL,,,
CHEESE,BREAD,BUTTER,MILK,JUICE,BOURNVITA,PANEER,,,
BOURNVITA,MILK,CHOCOLATE,HONEY,JUICE,JAM,MAGGI,,,
RICE,DAL,SUGAR,COFFEE,JUICE,BOURNVITA,TEA,,,
OATS,HONEY,MILK,JUICE,RICE,EGGS,TEA,,,
BOURNVITA,MILK,CHOCOLATE,HONEY,BREAD,COFFEE,JUICE,,,
OATS,HONEY,MILK,MAGGI,EGGS,BISCUIT,BREAD,,,
EGGS,BREAD,MILK,BISCUIT,BOURNVITA,CORNFLAKES,COFFEE,,,
COFFEE,SUGAR,MILK,CHEESE,BREAD,JAM,BOURNVITA,,,
COFFEE,SUGAR,MILK,BOURNVITA,CHOCOLATE,CHEESE,JAM,,,
MILK,BREAD,BISCUIT,JAM,BOURNVITA,SUGAR,JUICE,,,
BREAD,JAM,BUTTER,COFFEE,EGGS,MILK,HONEY,,,
JUICE,BISCUIT,,CHOCOLATE,TEA,OATS,SUGAR,,,
BREAD,,,,,,,,,
JAM,NOODLES,BISCUIT,,,,,,,
BISCUIT,,,,,,,,,
EGGS,MILK,BREAD,CHIPS,CORNFLAKES,,,,,
NOODLES,BREAD,,,,,,,,
MAGGI,EGGS,CORNFLAKES,JAM,COKE,,,,,
BREAD,BOURNVITA,CHOCOLATE,,,,,,,
SUGAR,COFFEE,BISCUIT,CORNFLAKES,,,,,,
CORNFLAKES,BISCUIT,MAGGI,,,,,,,
CHOCOLATE,,,,,,,,,
COFFEE,MILK,CHOCOLATE,,,,,,,
CORNFLAKES,BUTTER,MILK,COFFEE,,,,,,
CHOCOLATE,MAGGI,NOODLES,,,,,,,
MILK,,,,,,,,,
COKE,BISCUIT,,,,,,,,
CORNFLAKES,BUTTER,,,,,,,,
CURD,CHOCOLATE,BISCUIT,,,,,,,
CHOCOLATE,MAGGI,SUGAR,,,,,,,
BISCUIT,BOURNVITA,COFFEE,,,,,,,
BOURNVITA,CURD,,,,,,,,
COFFEE,JAM,SUGAR,BOURNVITA,,,,,,
JAM,,,,,,,,,
SUGAR,,,,,,,,,
COFFEE,BISCUIT,CORNFLAKES,COKE,,,,,,
MAGGI,CHIPS,NOODLES,,,,,,,
TEA,COFFEE,BISCUIT,CORNFLAKES,,,,,,
COFFEE,EGGS,CURD,COKE,MAGGI,,,,,
JAM,TEA,COFFEE,,,,,,,
BISCUIT,MILK,EGGS,CHIPS,,,,,,
BOURNVITA,EGGS,,,,,,,,
BISCUIT,BUTTER,MAGGI,COKE,JAM,,,,,
COFFEE,BREAD,SUGAR,CHOCOLATE,MILK,,,,,
COFFEE,SUGAR,MILK,TEA,MAGGI,,,,,
CURD,BREAD,,,,,,,,
NOODLES,BOURNVITA,COFFEE,,,,,,,
COKE,,,,,,,,,
MAGGI,TEA,BOURNVITA,BUTTER,BISCUIT,,,,,
NOODLES,BREAD,COKE,BOURNVITA,JAM,,,,,
CORNFLAKES,,,,,,,,,
COKE,JAM,BREAD,,,,,,,
BISCUIT,NOODLES,,,,,,,,
BISCUIT,TEA,NOODLES,SUGAR,,,,,,
BOURNVITA,COFFEE,CHIPS,EGGS,,,,,,
EGGS,MAGGI,CURD,COFFEE,BUTTER,,,,,
COKE,BUTTER,,,,,,,,
CURD,NOODLES,MILK,,,,,,,
JAM,BISCUIT,,,,,,,,
BREAD,JAM,COKE,,,,,,,
BREAD,BISCUIT,,,,,,,,
JAM,,,,,,,,,
MILK,,,,,,,,,
BISCUIT,JAM,TEA,,,,,,,
MAGGI,TEA,CHOCOLATE,COKE,,,,,,
CHIPS,JAM,BUTTER,NOODLES,CURD,,,,,
MAGGI,CORNFLAKES,MILK,SUGAR,,,,,,
CHOCOLATE,EGGS,MAGGI,JAM,,,,,,
CORNFLAKES,,,,,,,,,
BUTTER,,,,,,,,,
CORNFLAKES,JAM,NOODLES,,,,,,,
CURD,TEA,,,,,,,,
BOURNVITA,COFFEE,JAM,CORNFLAKES,,,,,,
CURD,,,,,,,,,
CORNFLAKES,MILK,SUGAR,COFFEE,BREAD,,,,,
JAM,,,,,,,,,
EGGS,CHIPS,,,,,,,,
MAGGI,BUTTER,CURD,BREAD,,,,,,
BUTTER,BREAD,,,,,,,,
COFFEE,CURD,TEA,MAGGI,,,,,,
CHIPS,TEA,CORNFLAKES,NOODLES,CURD,,,,,
MILK,,,,,,,,,
MILK,NOODLES,COKE,,,,,,,
NOODLES,BOURNVITA,BREAD,COFFEE,,,,,,
BOURNVITA,,,,,,,,,
BISCUIT,,,,,,,,,
BUTTER,CORNFLAKES,,,,,,,,
JAM,MILK,COKE,CHIPS,MAGGI,,,,,
NOODLES,SUGAR,CURD,TEA,CORNFLAKES,,,,,
JAM,COFFEE,MAGGI,,,,,,,
COKE,CURD,,,,,,,,
BISCUIT,BREAD,JAM,,,,,,,
CORNFLAKES,BISCUIT,COFFEE,NOODLES,CURD,,,,,
TEA,CHOCOLATE,CURD,,,,,,,
JAM,,,,,,,,,
COKE,BOURNVITA,JAM,,,,,,,
COKE,BREAD,SUGAR,EGGS,COFFEE,,,,,
CORNFLAKES,TEA,CHIPS,,,,,,,
CORNFLAKES,,,,,,,,,
TEA,COFFEE,NOODLES,COKE,CORNFLAKES,,,,,
MAGGI,COFFEE,CHIPS,,,,,,,
COFFEE,MILK,CHIPS,SUGAR,,,,,,
COFFEE,MILK,BREAD,BOURNVITA,,,,,,
COFFEE,BOURNVITA,,,,,,,,
EGGS,BREAD,MILK,CURD,,,,,,
MILK,CHOCOLATE,,,,,,,,
TEA,EGGS,BISCUIT,BREAD,NOODLES,,,,,
MILK,CHOCOLATE,CORNFLAKES,,,,,,,
CORNFLAKES,CHOCOLATE,,,,,,,,
EGGS,TEA,CURD,CORNFLAKES,BISCUIT,,,,,
EGGS,BREAD,,,,,,,,
SUGAR,EGGS,,,,,,,,
STAPLER,MONITOR,SMARTPHONE,KEYBOARD,SPEAKERS,VR_HEADSET,NOTEBOOK,,,
SMARTPHONE,CLOCK,DIARY,EXTERNAL_HDD,LAPTOP,VR_HEADSET,DESK,,,
SCREEN_GUARD,DIARY,CHAIR,PRINTER,KEYBOARD,HEADPHONES,SMARTPHONE,,,
VR_HEADSET,PHONE_CASE,WEBCAM,POWER_BANK,PRINTER,BACKPACK,CLOCK,,,
DESK,MODEM,NOTEBOOK,TABLE_LAMP,PLANNER,LAPTOP,PEN,,,
CLOCK,POWER_BANK,NOTEBOOK,SPEAKERS,MOUSE,PHONE_CASE,DESK,,,
ROUTER,CHARGER,PLANNER,MONITOR,SMARTPHONE,PRINTER,PHONE_CASE,,,
PLANNER,SCREEN_GUARD,SMARTPHONE,BACKPACK,MONITOR,ROUTER,CHAIR,,,
CLOCK,MONITOR,MOUSE,ROUTER,PHONE_CASE,CHARGER,SCREEN_GUARD,,,
SMARTPHONE,PLANNER,MONITOR,TABLE_LAMP,PEN,CHARGER,SCREEN_GUARD,,,
TABLE_LAMP,DIARY,CHAIR,PEN,NOTEBOOK,PLANNER,SCREEN_GUARD,,,
MONITOR,PLANNER,MODEM,VR_HEADSET,CHARGER,TABLE_LAMP,PEN,,,
TABLE_LAMP,PEN,BACKPACK,MODEM,SPEAKERS,CHAIR,EXTERNAL_HDD,,,
CHARGER,KEYBOARD,MOUSEPAD,HDMI_CABLE,HEADPHONES,SMARTPHONE,SPEAKERS,,,
BACKPACK,SPEAKERS,POWER_BANK,CHARGER,SCREEN_GUARD,NOTEBOOK,PRINTER,,,
POWER_BANK,SPEAKERS,DESK,KEYBOARD,CHAIR,CLOCK,NOTEBOOK,,,
SCREEN_GUARD,PLANNER,CLOCK,POWER_BANK,DESK,USB_DRIVE,PHONE_CASE,,,
PHONE_CASE,WEBCAM,MONITOR,CHAIR,HEADPHONES,PEN,CHARGER,,,
HDMI_CABLE,MOUSE,PHONE_CASE,BACKPACK,WEBCAM,SCREEN_GUARD,POWER_BANK,,,
STAPLER,PEN,PLANNER,HDMI_CABLE,EXTERNAL_HDD,SPEAKERS,VR_HEADSET,,,
NOTEBOOK,PHONE_CASE,DESK,MOUSEPAD,CHARGER,PEN,USB_DRIVE,,,
MONITOR,MODEM,MOUSEPAD,BACKPACK,LAPTOP,PEN,STAPLER,,,
STAPLER,HEADPHONES,CHARGER,CHAIR,TABLE_LAMP,USB_DRIVE,SMARTPHONE,,,
BACKPACK,VR_HEADSET,CHAIR,KEYBOARD,SCREEN_GUARD,MOUSE,WEBCAM,,,
EXTERNAL_HDD,PRINTER,PEN,HEADPHONES,NOTEBOOK,SPEAKERS,BACKPACK,,,
DESK,CHARGER,PEN,ROUTER,CHAIR,SMARTPHONE,CLOCK,,,
LAPTOP,PHONE_CASE,POWER_BANK,NOTEBOOK,CLOCK,SPEAKERS,DIARY,,,
SPEAKERS,KEYBOARD,SCREEN_GUARD,PHONE_CASE,CHARGER,LAPTOP,WEBCAM,,,
MOUSEPAD,EXTERNAL_HDD,TABLE_LAMP,MODEM,HDMI_CABLE,PRINTER,DIARY,,,
VR_HEADSET,PLANNER,CHARGER,MOUSE,ROUTER,CLOCK,KEYBOARD,,,
MOUSE,LAPTOP,HEADPHONES,PEN,CHAIR,DESK,TABLE_LAMP,,,
MONITOR,EXTERNAL_HDD,CHARGER,BACKPACK,POWER_BANK,WEBCAM,HDMI_CABLE,,,
PLANNER,LAPTOP,MOUSEPAD,POWER_BANK,CHAIR,EXTERNAL_HDD,NOTEBOOK,,,
CLOCK,POWER_BANK,ROUTER,HEADPHONES,HDMI_CABLE,DIARY,PLANNER,,,
PRINTER,PLANNER,EXTERNAL_HDD,BACKPACK,CHARGER,VR_HEADSET,WEBCAM,,,
USB_DRIVE,PLANNER,CHARGER,LAPTOP,MOUSE,HDMI_CABLE,PEN,,,
CLOCK,HEADPHONES,HDMI_CABLE,ROUTER,NOTEBOOK,PLANNER,CHARGER,,,
DESK,HDMI_CABLE,VR_HEADSET,BACKPACK,USB_DRIVE,HEADPHONES,SCREEN_GUARD,,,
PEN,MOUSE,BACKPACK,MONITOR,LAPTOP,PHONE_CASE,SPEAKERS,,,
SPEAKERS,MONITOR,NOTEBOOK,POWER_BANK,PEN,STAPLER,KEYBOARD,,,
HEADPHONES,WEBCAM,KEYBOARD,BACKPACK,LAPTOP,ROUTER,NOTEBOOK,,,
MONITOR,POWER_BANK,KEYBOARD,PHONE_CASE,CHAIR,HDMI_CABLE,VR_HEADSET,,,
CLOCK,NOTEBOOK,BACKPACK,PLANNER,PHONE_CASE,SCREEN_GUARD,CHARGER,,,
TABLE_LAMP,MODEM,WEBCAM,STAPLER,VR_HEADSET,NOTEBOOK,USB_DRIVE,,,
USB_DRIVE,PHONE_CASE,NOTEBOOK,SCREEN_GUARD,KEYBOARD,STAPLER,PRINTER,,,
PRINTER,WEBCAM,ROUTER,CLOCK,MOUSE,DIARY,POWER_BANK,,,
PLANNER,BACKPACK,NOTEBOOK,WEBCAM,DESK,SCREEN_GUARD,CHAIR,,,
HDMI_CABLE,PEN,SMARTPHONE,HEADPHONES,TABLE_LAMP,USB_DRIVE,PRINTER,,,
BACKPACK,CHARGER,HEADPHONES,CLOCK,NOTEBOOK,PHONE_CASE,ROUTER,,,
CHAIR,WEBCAM,VR_HEADSET,PLANNER,PEN,STAPLER,NOTEBOOK,,,
PRINTER,WEBCAM,CLOCK,LAPTOP,USB_DRIVE,MOUSEPAD,DIARY,,,
SCREEN_GUARD,DESK,KEYBOARD,SMARTPHONE,VR_HEADSET,PHONE_CASE,PEN,,,
POWER_BANK,ROUTER,MOUSEPAD,BACKPACK,DESK,SPEAKERS,PLANNER,,,
PHONE_CASE,HEADPHONES,BACKPACK,SCREEN_GUARD,PLANNER,MODEM,CLOCK,,,
SMARTPHONE,DESK,USB_DRIVE,STAPLER,MOUSEPAD,PRINTER,ROUTER,,,
ROUTER,CHAIR,SPEAKERS,CHARGER,CLOCK,HDMI_CABLE,PEN,,,
KEYBOARD,WEBCAM,CLOCK,MOUSEPAD,USB_DRIVE,HEADPHONES,MODEM,,,
NOTEBOOK,SMARTPHONE,MOUSE,TABLE_LAMP,EXTERNAL_HDD,PHONE_CASE,MODEM,,,
SPEAKERS,NOTEBOOK,ROUTER,MOUSEPAD,MODEM,WEBCAM,USB_DRIVE,,,
LAPTOP,DESK,MOUSE,PLANNER,POWER_BANK,WEBCAM,NOTEBOOK,,,
VR_HEADSET,MOUSE,ROUTER,POWER_BANK,MONITOR,PLANNER,MOUSEPAD,,,
VR_HEADSET,BACKPACK,KEYBOARD,STAPLER,MONITOR,PHONE_CASE,SMARTPHONE,,,
MODEM,SCREEN_GUARD,USB_DRIVE,TABLE_LAMP,HDMI_CABLE,LAPTOP,EXTERNAL_HDD,,,
VR_HEADSET,ROUTER,WEBCAM,SMARTPHONE,PHONE_CASE,STAPLER,CHAIR,,,
TABLE_LAMP,LAPTOP,STAPLER,PEN,DIARY,MONITOR,HEADPHONES,,,
DESK,TABLE_LAMP,PLANNER,MOUSEPAD,ROUTER,STAPLER,SCREEN_GUARD,,,
HEADPHONES,BACKPACK,MOUSE,KEYBOARD,CLOCK,DIARY,MODEM,,,
MONITOR,PRINTER,USB_DRIVE,KEYBOARD,EXTERNAL_HDD,HDMI_CABLE,LAPTOP,,,
LAPTOP,ROUTER,SMARTPHONE,SPEAKERS,STAPLER,PLANNER,KEYBOARD,,,
ROUTER,SPEAKERS,KEYBOARD,STAPLER,WEBCAM,DIARY,CHAIR,,,
CHAIR,EXTERNAL_HDD,VR_HEADSET,LAPTOP,DIARY,BACKPACK,PRINTER,,,
LAPTOP,EXTERNAL_HDD,DIARY,MODEM,WEBCAM,KEYBOARD,STAPLER,,,
MONITOR,MOUSE,MODEM,NOTEBOOK,HEADPHONES,LAPTOP,USB_DRIVE,,,
CHARGER,HDMI_CABLE,MOUSE,CHAIR,NOTEBOOK,TABLE_LAMP,BACKPACK,,,
CLOCK,SMARTPHONE,SPEAKERS,HDMI_CABLE,DESK,CHARGER,BACKPACK,,,
DIARY,PEN,HEADPHONES,TABLE_LAMP,ROUTER,CHARGER,NOTEBOOK,,,
CHARGER,STAPLER,SCREEN_GUARD,PEN,HDMI_CABLE,BACKPACK,KEYBOARD,,,
CHARGER,MOUSE,SMARTPHONE,BACKPACK,PRINTER,WEBCAM,HDMI_CABLE,,,
HDMI_CABLE,MONITOR,PHONE_CASE,PLANNER,SCREEN_GUARD,WEBCAM,HEADPHONES,,,
ROUTER,NOTEBOOK,SCREEN_GUARD,STAPLER,HEADPHONES,TABLE_LAMP,MOUSEPAD,,,
USB_DRIVE,MOUSEPAD,SPEAKERS,BACKPACK,DESK,CHAIR,CLOCK,,,
CHAIR,MODEM,SPEAKERS,STAPLER,VR_HEADSET,SCREEN_GUARD,POWER_BANK,,,
CHAIR,LAPTOP,TABLE_LAMP,USB_DRIVE,PLANNER,NOTEBOOK,CHARGER,,,
PLANNER,USB_DRIVE,EXTERNAL_HDD,WEBCAM,PHONE_CASE,TABLE_LAMP,MOUSEPAD,,,
HDMI_CABLE,CLOCK,VR_HEADSET,MOUSEPAD,ROUTER,CHAIR,BACKPACK,,,
SPEAKERS,KEYBOARD,PEN,SMARTPHONE,CHAIR,NOTEBOOK,MONITOR,,,
SPEAKERS,CLOCK,SMARTPHONE,LAPTOP,SCREEN_GUARD,PLANNER,CHAIR,,,
POWER_BANK,HDMI_CABLE,MODEM,DIARY,LAPTOP,ROUTER,WEBCAM,,,
NOTEBOOK,KEYBOARD,POWER_BANK,WEBCAM,TABLE_LAMP,HDMI_CABLE,CHAIR,,,
HDMI_CABLE,BACKPACK,EXTERNAL_HDD,MODEM,HEADPHONES,USB_DRIVE,CHAIR,,,
LAPTOP,NOTEBOOK,VR_HEADSET,USB_DRIVE,DESK,HDMI_CABLE,POWER_BANK,,,
LAPTOP,CHAIR,PHONE_CASE,SCREEN_GUARD,SMARTPHONE,WEBCAM,TABLE_LAMP,,,
TABLE_LAMP,HEADPHONES,CLOCK,SMARTPHONE,DESK,PRINTER,STAPLER,,,
SCREEN_GUARD,MOUSE,HDMI_CABLE,HEADPHONES,CHARGER,PLANNER,SPEAKERS,,,
DIARY,LAPTOP,PHONE_CASE,HDMI_CABLE,MODEM,WEBCAM,MOUSE,,,
MONITOR,WEBCAM,HEADPHONES,MODEM,VR_HEADSET,DESK,CHARGER,,,
MOUSEPAD,DESK,MONITOR,CHAIR,HEADPHONES,PEN,MOUSE,,,
PRINTER,TABLE_LAMP,SCREEN_GUARD,CHAIR,STAPLER,DESK,PLANNER,,,
SPEAKERS,SCREEN_GUARD,DIARY,BACKPACK,CHAIR,SMARTPHONE,LAPTOP,,,
SPEAKERS,PLANNER,DIARY,SCREEN_GUARD,WEBCAM,STAPLER,TABLE_LAMP,,,
DESK,KEYBOARD,SMARTPHONE,PEN,VR_HEADSET,PRINTER,NOTEBOOK,,,
HDMI_CABLE,LAPTOP,MOUSE,MOUSEPAD,PRINTER,SPEAKERS,VR_HEADSET,,,
HEADPHONES,BACKPACK,TABLE_LAMP,PLANNER,PEN,CHAIR,USB_DRIVE,,,
USB_DRIVE,WEBCAM,PRINTER,TABLE_LAMP,EXTERNAL_HDD,LAPTOP,HDMI_CABLE,,,
SCREEN_GUARD,PRINTER,NOTEBOOK,PHONE_CASE,CHARGER,MOUSEPAD,CLOCK,,,
CLOCK,SPEAKERS,PRINTER,WEBCAM,POWER_BANK,SCREEN_GUARD,CHAIR,,,
PRINTER,HEADPHONES,HDMI_CABLE,CLOCK,PLANNER,MOUSEPAD,PHONE_CASE,,,
NOTEBOOK,MOUSE,HDMI_CABLE,DIARY,CHAIR,PRINTER,DESK,,,
SCREEN_GUARD,PRINTER,POWER_BANK,STAPLER,BACKPACK,PEN,VR_HEADSET,,,
SMARTPHONE,LAPTOP,CHARGER,TABLE_LAMP,POWER_BANK,BACKPACK,PHONE_CASE,,,
MOUSEPAD,ROUTER,STAPLER,DIARY,MOUSE,PHONE_CASE,HDMI_CABLE,,,
DESK,MOUSE,SMARTPHONE,HEADPHONES,POWER_BANK,VR_HEADSET,DIARY,,,
MODEM,SMARTPHONE,CLOCK,HEADPHONES,ROUTER,WEBCAM,TABLE_LAMP,,,
ROUTER,POWER_BANK,PHONE_CASE,DESK,HDMI_CABLE,CHAIR,SCREEN_GUARD,,,
MOUSE,BACKPACK,DESK,SMARTPHONE,CHAIR,ROUTER,STAPLER,,,
SMARTPHONE,NOTEBOOK,POWER_BANK,PEN,TABLE_LAMP,PHONE_CASE,LAPTOP,,,
ROUTER,HDMI_CABLE,PEN,USB_DRIVE,POWER_BANK,DESK,BACKPACK,,,
PHONE_CASE,HDMI_CABLE,POWER_BANK,SPEAKERS,MOUSE,SMARTPHONE,MODEM,,,
SPEAKERS,STAPLER,USB_DRIVE,MOUSE,MODEM,WEBCAM,BACKPACK,,,
ROUTER,HDMI_CABLE,SPEAKERS,MODEM,USB_DRIVE,DESK,SMARTPHONE,,,
CHARGER,PHONE_CASE,CLOCK,HEADPHONES,SCREEN_GUARD,PRINTER,DESK,,,
POWER_BANK,EXTERNAL_HDD,CHAIR,PHONE_CASE,PRINTER,SMARTPHONE,STAPLER,,,
MOUSE,HEADPHONES,SMARTPHONE,NOTEBOOK,HDMI_CABLE,ROUTER,DIARY,,,
PLANNER,SMARTPHONE,HEADPHONES,POWER_BANK,PEN,STAPLER,HDMI_CABLE,,,
KEYBOARD,MOUSE,CHAIR,CLOCK,BACKPACK,PLANNER,DIARY,,,
DIARY,MONITOR,CHARGER,STAPLER,PHONE_CASE,CLOCK,POWER_BANK,,,
VR_HEADSET,MOUSE,SMARTPHONE,PLANNER,USB_DRIVE,LAPTOP,KEYBOARD,,,
BACKPACK,USB_DRIVE,SMARTPHONE,POWER_BANK,CLOCK,SCREEN_GUARD,STAPLER,,,
KEYBOARD,HEADPHONES,CHARGER,LAPTOP,PRINTER,POWER_BANK,SMARTPHONE,,,
SPEAKERS,KEYBOARD,SCREEN_GUARD,DESK,MONITOR,EXTERNAL_HDD,HEADPHONES,,,
MOUSEPAD,USB_DRIVE,HEADPHONES,SMARTPHONE,POWER_BANK,SCREEN_GUARD,HDMI_CABLE,,,
MOUSE,SCREEN_GUARD,WEBCAM,MODEM,CHAIR,LAPTOP,PRINTER,,,
LAPTOP,CLOCK,NOTEBOOK,VR_HEADSET,MOUSE,ROUTER,DIARY,,,
STAPLER,ROUTER,PLANNER,CHAIR,MODEM,MONITOR,CLOCK,,,
STAPLER,SPEAKERS,SCREEN_GUARD,PRINTER,BACKPACK,DESK,MONITOR,,,
DESK,KEYBOARD,CHARGER,POWER_BANK,USB_DRIVE,HEADPHONES,NOTEBOOK,,,
PRINTER,PHONE_CASE,POWER_BANK,DIARY,HDMI_CABLE,WEBCAM,MONITOR,,,
KEYBOARD,PRINTER,POWER_BANK,PHONE_CASE,STAPLER,DIARY,ROUTER,,,
LAPTOP,USB_DRIVE,STAPLER,BACKPACK,POWER_BANK,MODEM,KEYBOARD,,,
VR_HEADSET,KEYBOARD,CLOCK,WEBCAM,STAPLER,CHARGER,TABLE_LAMP,,,
WEBCAM,MOUSE,MONITOR,HEADPHONES,CLOCK,PHONE_CASE,SCREEN_GUARD,,,
STAPLER,WEBCAM,PRINTER,PEN,POWER_BANK,VR_HEADSET,CLOCK,,,
EXTERNAL_HDD,CHAIR,SPEAKERS,MONITOR,PRINTER,MODEM,NOTEBOOK,,,
CHAIR,EXTERNAL_HDD,ROUTER,LAPTOP,PRINTER,CHARGER,PEN,,,
PRINTER,NOTEBOOK,POWER_BANK,BACKPACK,VR_HEADSET,USB_DRIVE,SCREEN_GUARD,,,
STAPLER,MOUSE,MOUSEPAD,DESK,MODEM,BACKPACK,SCREEN_GUARD,,,
POWER_BANK,TABLE_LAMP,PLANNER,PHONE_CASE,MONITOR,WEBCAM,CHARGER,,,
SCREEN_GUARD,CHAIR,DESK,PRINTER,PHONE_CASE,SPEAKERS,HEADPHONES,,,
WEBCAM,CHAIR,SCREEN_GUARD,SMARTPHONE,PLANNER,VR_HEADSET,USB_DRIVE,,,
EXTERNAL_HDD,USB_DRIVE,CHAIR,MODEM,SPEAKERS,PRINTER,KEYBOARD,,,
SCREEN_GUARD,NOTEBOOK,PLANNER,MOUSEPAD,PRINTER,MOUSE,DIARY,,,
CHARGER,MOUSE,DESK,PHONE_CASE,BACKPACK,VR_HEADSET,NOTEBOOK,,,
SCREEN_GUARD,LAPTOP,DESK,WEBCAM,MOUSEPAD,CHAIR,PHONE_CASE,,,
VR_HEADSET,PEN,DESK,MODEM,EXTERNAL_HDD,BACKPACK,TABLE_LAMP,,,
MOUSE,PHONE_CASE,HEADPHONES,SPEAKERS,BACKPACK,DIARY,VR_HEADSET,,,
WEBCAM,LAPTOP,SMARTPHONE,PRINTER,MODEM,VR_HEADSET,DESK,,,
MOUSEPAD,NOTEBOOK,PEN,EXTERNAL_HDD,ROUTER,KEYBOARD,CLOCK,,,
VR_HEADSET,SMARTPHONE,TABLE_LAMP,MOUSE,BACKPACK,STAPLER,DIARY,,,
SMARTPHONE,SPEAKERS,KEYBOARD,CHAIR,VR_HEADSET,BACKPACK,EXTERNAL_HDD,,,
LAPTOP,SMARTPHONE,TABLE_LAMP,SCREEN_GUARD,PHONE_CASE,WEBCAM,SPEAKERS,,,
SCREEN_GUARD,MOUSE,DESK,PRINTER,POWER_BANK,PHONE_CASE,HDMI_CABLE,,,
BACKPACK,HDMI_CABLE,DESK,POWER_BANK,DIARY,VR_HEADSET,PLANNER,,,
NOTEBOOK,SMARTPHONE,KEYBOARD,SCREEN_GUARD,CLOCK,PHONE_CASE,DIARY,,,
SPEAKERS,USB_DRIVE,MONITOR,WEBCAM,NOTEBOOK,EXTERNAL_HDD,PEN,,,
MOUSEPAD,PHONE_CASE,LAPTOP,CHAIR,TABLE_LAMP,MOUSE,MONITOR,,,
EXTERNAL_HDD,PRINTER,LAPTOP,CLOCK,HDMI_CABLE,DIARY,SPEAKERS,,,
MOUSE,CHAIR,PLANNER,SCREEN_GUARD,DIARY,WEBCAM,POWER_BANK,,,
PRINTER,DIARY,MOUSEPAD,TABLE_LAMP,PEN,HEADPHONES,LAPTOP,,,
TABLE_LAMP,DIARY,VR_HEADSET,SPEAKERS,USB_DRIVE,MOUSEPAD,BACKPACK,,,
NOTEBOOK,SCREEN_GUARD,MODEM,KEYBOARD,LAPTOP,CLOCK,CHAIR,,,
CHAIR,MODEM,PHONE_CASE,BACKPACK,SPEAKERS,CHARGER,PRINTER,,,
POWER_BANK,EXTERNAL_HDD,CHAIR,PRINTER,BACKPACK,ROUTER,MOUSE,,,
VR_HEADSET,STAPLER,HEADPHONES,SMARTPHONE,SPEAKERS,NOTEBOOK,MONITOR,,,
MODEM,PHONE_CASE,VR_HEADSET,POWER_BANK,WEBCAM,ROUTER,USB_DRIVE,,,
HDMI_CABLE,PEN,SMARTPHONE,MONITOR,SPEAKERS,KEYBOARD,POWER_BANK,,,
KEYBOARD,STAPLER,VR_HEADSET,SMARTPHONE,CHAIR,MOUSEPAD,PLANNER,,,
MOUSE,SPEAKERS,DESK,CHAIR,SCREEN_GUARD,CHARGER,MOUSEPAD,,,
PRINTER,HEADPHONES,WEBCAM,SCREEN_GUARD,VR_HEADSET,PHONE_CASE,MOUSEPAD,,,
PEN,PLANNER,MOUSE,CHARGER,BACKPACK,HDMI_CABLE,CLOCK,,,
SPEAKERS,CHAIR,VR_HEADSET,HEADPHONES,DESK,NOTEBOOK,SCREEN_GUARD,,,
DIARY,SCREEN_GUARD,MOUSEPAD,KEYBOARD,LAPTOP,ROUTER,BACKPACK,,,
STAPLER,TABLE_LAMP,BACKPACK,CHAIR,VR_HEADSET,WEBCAM,DESK,,,
POWER_BANK,EXTERNAL_HDD,PHONE_CASE,DIARY,CHAIR,PEN,MOUSE,,,
KEYBOARD,MOUSEPAD,EXTERNAL_HDD,WEBCAM,MODEM,TABLE_LAMP,DIARY,,,
NOTEBOOK,LAPTOP,MONITOR,DIARY,SMARTPHONE,PLANNER,PHONE_CASE,,,
DESK,CLOCK,POWER_BANK,SCREEN_GUARD,USB_DRIVE,MODEM,SMARTPHONE,,,
SCREEN_GUARD,BACKPACK,LAPTOP,USB_DRIVE,HEADPHONES,KEYBOARD,SPEAKERS,,,
MOUSE,LAPTOP,KEYBOARD,CHARGER,SMARTPHONE,PRINTER,VR_HEADSET,,,
PLANNER,KEYBOARD,LAPTOP,SMARTPHONE,DIARY,MOUSE,HEADPHONES,,,
EXTERNAL_HDD,ROUTER,PEN,STAPLER,LAPTOP,MOUSE,MOUSEPAD,,,
CLOCK,MOUSE,LAPTOP,MODEM,SPEAKERS,PRINTER,HDMI_CABLE,,,
DESK,CHARGER,EXTERNAL_HDD,MOUSEPAD,HEADPHONES,VR_HEADSET,CLOCK,,,
CHAIR,PLANNER,SCREEN_GUARD,VR_HEADSET,EXTERNAL_HDD,MOUSE,DESK,,,
LAPTOP,MOUSEPAD,HDMI_CABLE,PLANNER,CLOCK,PRINTER,NOTEBOOK,,,
TABLE_LAMP,WEBCAM,MOUSEPAD,NOTEBOOK,PRINTER,LAPTOP,DESK,,,
NOTEBOOK,HEADPHONES,POWER_BANK,MONITOR,CHARGER,DIARY,TABLE_LAMP,,,
MONITOR,HEADPHONES,NOTEBOOK,EXTERNAL_HDD,SCREEN_GUARD,BACKPACK,DIARY,,,
CHAIR,PRINTER,DESK,STAPLER,PEN,VR_HEADSET,USB_DRIVE,,,
HEADPHONES,EXTERNAL_HDD,MODEM,PRINTER,POWER_BANK,ROUTER,WEBCAM,,,
MODEM,KEYBOARD,PEN,SCREEN_GUARD,CHARGER,NOTEBOOK,LAPTOP,,,
PEN,KEYBOARD,MODEM,PHONE_CASE,USB_DRIVE,DESK,SCREEN_GUARD,,,
MOUSE,PHONE_CASE,SCREEN_GUARD,CLOCK,SMARTPHONE,MONITOR,PRINTER,,,
SPEAKERS,VR_HEADSET,WEBCAM,SMARTPHONE,KEYBOARD,PRINTER,LAPTOP,,,
CHAIR,PHONE_CASE,HEADPHONES,VR_HEADSET,EXTERNAL_HDD,MODEM,NOTEBOOK,,,
PHONE_CASE,STAPLER,CHARGER,HEADPHONES,TABLE_LAMP,VR_HEADSET,SMARTPHONE,,,
STAPLER,HEADPHONES,VR_HEADSET,SMARTPHONE,MODEM,LAPTOP,PLANNER,,,
DIARY,EXTERNAL_HDD,SMARTPHONE,PLANNER,ROUTER,SCREEN_GUARD,MODEM,,,
MOUSEPAD,MODEM,NOTEBOOK,BACKPACK,MOUSE,SMARTPHONE,USB_DRIVE,,,
MOUSEPAD,DIARY,BACKPACK,LAPTOP,SMARTPHONE,STAPLER,MOUSE,,,
SMARTPHONE,PLANNER,SPEAKERS,HDMI_CABLE,ROUTER,MOUSEPAD,EXTERNAL_HDD,,,
TABLE_LAMP,MOUSEPAD,USB_DRIVE,KEYBOARD,CHAIR,DESK,ROUTER,,,
USB_DRIVE,MOUSEPAD,PRINTER,MONITOR,CHAIR,DIARY,VR_HEADSET,,,
WEBCAM,MOUSE,DIARY,STAPLER,CHARGER,PHONE_CASE,USB_DRIVE,,,
DESK,PRINTER,PEN,STAPLER,MOUSEPAD,MOUSE,HDMI_CABLE,,,
VR_HEADSET,NOTEBOOK,MOUSE,DESK,TABLE_LAMP,SCREEN_GUARD,CHAIR,,,
PEN,USB_DRIVE,SCREEN_GUARD,CHARGER,SPEAKERS,CLOCK,WEBCAM,,,
PEN,KEYBOARD,MOUSEPAD,MONITOR,STAPLER,SPEAKERS,SMARTPHONE,,,
KEYBOARD,PHONE_CASE,MONITOR,MOUSEPAD,HEADPHONES,DIARY,DESK,,,
PHONE_CASE,PRINTER,HEADPHONES,SCREEN_GUARD,USB_DRIVE,HDMI_CABLE,BACKPACK,,,
SCREEN_GUARD,POWER_BANK,USB_DRIVE,BACKPACK,PHONE_CASE,EXTERNAL_HDD,TABLE_LAMP,,,
NOTEBOOK,POWER_BANK,TABLE_LAMP,WEBCAM,STAPLER,PLANNER,HDMI_CABLE,,,
DESK,ROUTER,CHAIR,MODEM,NOTEBOOK,CHARGER,EXTERNAL_HDD,,,
PEN,POWER_BANK,KEYBOARD,TABLE_LAMP,SMARTPHONE,MOUSE,CHARGER,,,
CHAIR,EXTERNAL_HDD,VR_HEADSET,CHARGER,NOTEBOOK,CLOCK,HEADPHONES,,,
SMARTPHONE,POWER_BANK,HDMI_CABLE,BACKPACK,DIARY,EXTERNAL_HDD,SPEAKERS,,,
WEBCAM,MOUSEPAD,CHAIR,ROUTER,LAPTOP,CLOCK,KEYBOARD,,,
WEBCAM,DESK,NOTEBOOK,USB_DRIVE,PHONE_CASE,MOUSEPAD,SMARTPHONE,,,
CHAIR,MOUSE,TABLE_LAMP,PEN,PLANNER,SCREEN_GUARD,MOUSEPAD,,,
TABLE_LAMP,PHONE_CASE,ROUTER,WEBCAM,MONITOR,SCREEN_GUARD,DESK,,,
SPEAKERS,MOUSE,PHONE_CASE,USB_DRIVE,LAPTOP,NOTEBOOK,KEYBOARD,,,
WEBCAM,CHARGER,CHAIR,MOUSE,MOUSEPAD,DESK,SCREEN_GUARD,,,
SMARTPHONE,SPEAKERS,PLANNER,POWER_BANK,CLOCK,KEYBOARD,DESK,,,
KEYBOARD,CHAIR,HDMI_CABLE,EXTERNAL_HDD,CHARGER,USB_DRIVE,SCREEN_GUARD,,,
ROUTER,SCREEN_GUARD,PEN,CHARGER,HDMI_CABLE,VR_HEADSET,BACKPACK,,,
HDMI_CABLE,BACKPACK,VR_HEADSET,MOUSE,KEYBOARD,HEADPHONES,USB_DRIVE,,,
BACKPACK,STAPLER,MODEM,USB_DRIVE,HDMI_CABLE,NOTEBOOK,CHARGER,,,
PRINTER,MONITOR,MOUSEPAD,HDMI_CABLE,HEADPHONES,TABLE_LAMP,USB_DRIVE,,,
DIARY,HEADPHONES,BACKPACK,POWER_BANK,MOUSEPAD,SPEAKERS,USB_DRIVE,,,
ROUTER,DIARY,POWER_BANK,CLOCK,LAPTOP,CHARGER,EXTERNAL_HDD,,,
HEADPHONES,NOTEBOOK,CHAIR,LAPTOP,SCREEN_GUARD,BACKPACK,PEN,,,
DIARY,CLOCK,SMARTPHONE,PLANNER,VR_HEADSET,MOUSE,CHARGER,,,
MOUSEPAD,SMARTPHONE,USB_DRIVE,HDMI_CABLE,EXTERNAL_HDD,SPEAKERS,SCREEN_GUARD,,,
MODEM,CHARGER,MOUSE,LAPTOP,EXTERNAL_HDD,PRINTER,TABLE_LAMP,,,
LAPTOP,VR_HEADSET,DESK,SCREEN_GUARD,MOUSE,PHONE_CASE,POWER_BANK,,,
LAPTOP,MOUSE,MODEM,SMARTPHONE,TABLE_LAMP,POWER_BANK,EXTERNAL_HDD,,,
ROUTER,NOTEBOOK,BACKPACK,VR_HEADSET,CLOCK,CHAIR,DESK,,,
MOUSEPAD,SMARTPHONE,ROUTER,BACKPACK,VR_HEADSET,PLANNER,MODEM,,,
POWER_BANK,PEN,ROUTER,MOUSEPAD,HDMI_CABLE,MODEM,MOUSE,,,
POWER_BANK,KEYBOARD,TABLE_LAMP,PEN,WEBCAM,VR_HEADSET,LAPTOP,,,
MONITOR,CHARGER,MODEM,PRINTER,POWER_BANK,PHONE_CASE,NOTEBOOK,,,
MOUSE,SPEAKERS,USB_DRIVE,MONITOR,PHONE_CASE,SCREEN_GUARD,LAPTOP,,,
VR_HEADSET,POWER_BANK,SPEAKERS,PHONE_CASE,NOTEBOOK,SCREEN_GUARD,HDMI_CABLE,,,
MOUSE,MONITOR,VR_HEADSET,SPEAKERS,SMARTPHONE,PEN,POWER_BANK,,,
TABLE_LAMP,MOUSEPAD,LAPTOP,HDMI_CABLE,CHAIR,KEYBOARD,DESK,,,
LAPTOP,MOUSE,POWER_BANK,TABLE_LAMP,NOTEBOOK,PLANNER,PEN,,,
EXTERNAL_HDD,LAPTOP,MOUSEPAD,PEN,MONITOR,MODEM,NOTEBOOK,,,
PEN,MODEM,CLOCK,POWER_BANK,USB_DRIVE,SPEAKERS,DIARY,,,
STAPLER,POWER_BANK,PLANNER,CLOCK,KEYBOARD,DIARY,HDMI_CABLE,,,
LAPTOP,NOTEBOOK,BACKPACK,SCREEN_GUARD,VR_HEADSET,PLANNER,CHARGER,,,
CHARGER,EXTERNAL_HDD,SMARTPHONE,USB_DRIVE,BACKPACK,STAPLER,PEN,,,
CLOCK,EXTERNAL_HDD,TABLE_LAMP,SMARTPHONE,HDMI_CABLE,PLANNER,DIARY,,,
HEADPHONES,SCREEN_GUARD,MODEM,VR_HEADSET,SPEAKERS,SMARTPHONE,CHAIR,,,
DIARY,DESK,CHARGER,MONITOR,MOUSEPAD,HEADPHONES,NOTEBOOK,,,
VR_HEADSET,MODEM,HDMI_CABLE,SCREEN_GUARD,TABLE_LAMP,MOUSEPAD,USB_DRIVE,,,
MONITOR,WEBCAM,LAPTOP,CHARGER,USB_DRIVE,POWER_BANK,CHAIR,,,
BACKPACK,NOTEBOOK,CHAIR,CLOCK,TABLE_LAMP,HEADPHONES,MOUSEPAD,,,
PHONE_CASE,PRINTER,CHAIR,PLANNER,DESK,SMARTPHONE,SCREEN_GUARD,,,
MODEM,CLOCK,EXTERNAL_HDD,SCREEN_GUARD,POWER_BANK,PEN,STAPLER,,,
HDMI_CABLE,HEADPHONES,PRINTER,MONITOR,EXTERNAL_HDD,MODEM,PLANNER,,,
SMARTPHONE,TABLE_LAMP,LAPTOP,POWER_BANK,STAPLER,PEN,CHAIR,,,
WEBCAM,DIARY,BACKPACK,HDMI_CABLE,PLANNER,NOTEBOOK,MOUSE,,,
PLANNER,SCREEN_GUARD,KEYBOARD,CHARGER,ROUTER,MOUSEPAD,HEADPHONES,,,
WEBCAM,CHAIR,LAPTOP,PLANNER,BACKPACK,HDMI_CABLE,PHONE_CASE,,,
BACKPACK,PHONE_CASE,PEN,DESK,MOUSEPAD,PRINTER,POWER_BANK,,,
BACKPACK,ROUTER,POWER_BANK,KEYBOARD,CHAIR,PEN,SCREEN_GUARD,,,
ROUTER,TABLE_LAMP,KEYBOARD,HEADPHONES,CHAIR,NOTEBOOK,POWER_BANK,,,
SMARTPHONE,KEYBOARD,CHAIR,VR_HEADSET,MODEM,WEBCAM,POWER_BANK,,,
ROUTER,DESK,PHONE_CASE,TABLE_LAMP,PRINTER,STAPLER,VR_HEADSET,,,
PRINTER,PHONE_CASE,MOUSE,PLANNER,DIARY,HEADPHONES,CHARGER,,,
DIARY,HEADPHONES,PEN,KEYBOARD,CHARGER,DESK,NOTEBOOK,,,
PLANNER,SMARTPHONE,WEBCAM,LAPTOP,PEN,MONITOR,MOUSE,,,
HDMI_CABLE,DESK,WEBCAM,STAPLER,PRINTER,POWER_BANK,KEYBOARD,,,
HDMI_CABLE,POWER_BANK,ROUTER,TABLE_LAMP,PEN,BACKPACK,NOTEBOOK,,,
DESK,PHONE_CASE,DIARY,WEBCAM,VR_HEADSET,HEADPHONES,LAPTOP,,,
STAPLER,VR_HEADSET,ROUTER,MONITOR,CHARGER,CLOCK,MOUSE,,,
ROUTER,STAPLER,NOTEBOOK,USB_DRIVE,LAPTOP,DESK,VR_HEADSET,,,
BACKPACK,WEBCAM,NOTEBOOK,VR_HEADSET,HEADPHONES,HDMI_CABLE,DESK,,,
WEBCAM,TABLE_LAMP,POWER_BANK,HDMI_CABLE,CHARGER,EXTERNAL_HDD,KEYBOARD,,,
CHARGER,SCREEN_GUARD,CLOCK,TABLE_LAMP,STAPLER,VR_HEADSET,NOTEBOOK,,,
ROUTER,WEBCAM,PLANNER,HEADPHONES,DESK,POWER_BANK,DIARY,,,
STAPLER,VR_HEADSET,KEYBOARD,NOTEBOOK,MOUSEPAD,POWER_BANK,SPEAKERS,,,
WEBCAM,HDMI_CABLE,PHONE_CASE,STAPLER,HEADPHONES,PLANNER,ROUTER,,,
KEYBOARD,MODEM,EXTERNAL_HDD,DIARY,SPEAKERS,DESK,BACKPACK,,,
VR_HEADSET,ROUTER,EXTERNAL_HDD,NOTEBOOK,TABLE_LAMP,MONITOR,CHARGER,,,
CLOCK,TABLE_LAMP,CHARGER,DIARY,VR_HEADSET,HDMI_CABLE,MOUSE,,,
DIARY,MODEM,CHAIR,MOUSE,MOUSEPAD,STAPLER,SPEAKERS,,,
TABLE_LAMP,PHONE_CASE,MONITOR,MOUSE,MODEM,DIARY,PEN,,,
MOUSEPAD,DESK,MOUSE,WEBCAM,POWER_BANK,EXTERNAL_HDD,LAPTOP,,,
HEADPHONES,PRINTER,BACKPACK,CHARGER,PEN,MOUSEPAD,DIARY,,,
WEBCAM,CHARGER,MODEM,HDMI_CABLE,MOUSE,TABLE_LAMP,ROUTER,,,
STAPLER,ROUTER,HEADPHONES,KEYBOARD,MODEM,SMARTPHONE,SCREEN_GUARD,,,
HDMI_CABLE,MODEM,USB_DRIVE,MOUSEPAD,KEYBOARD,PRINTER,HEADPHONES,,,
USB_DRIVE,STAPLER,MOUSE,WEBCAM,MOUSEPAD,MONITOR,KEYBOARD,,,
DIARY,CHARGER,WEBCAM,LAPTOP,USB_DRIVE,MODEM,PEN,,,
PRINTER,SCREEN_GUARD,MOUSE,ROUTER,CHAIR,HEADPHONES,EXTERNAL_HDD,,,
TABLE_LAMP,ROUTER,VR_HEADSET,CLOCK,POWER_BANK,DESK,LAPTOP,,,
PRINTER,MOUSEPAD,NOTEBOOK,PHONE_CASE,SPEAKERS,LAPTOP,KEYBOARD,,,
DESK,TABLE_LAMP,ROUTER,VR_HEADSET,HEADPHONES,SCREEN_GUARD,PLANNER,,,
HEADPHONES,STAPLER,EXTERNAL_HDD,USB_DRIVE,BACKPACK,CHAIR,DESK,,,
WEBCAM,ROUTER,STAPLER,VR_HEADSET,USB_DRIVE,POWER_BANK,MOUSEPAD,,,
PHONE_CASE,CLOCK,HDMI_CABLE,USB_DRIVE,HEADPHONES,SCREEN_GUARD,EXTERNAL_HDD,,,
SPEAKERS,LAPTOP,NOTEBOOK,PHONE_CASE,PRINTER,PLANNER,MOUSE,,,
TABLE_LAMP,NOTEBOOK,KEYBOARD,SMARTPHONE,VR_HEADSET,CHAIR,HDMI_CABLE,,,
PRINTER,VR_HEADSET,TABLE_LAMP,WEBCAM,HEADPHONES,PEN,CLOCK,,,
HEADPHONES,PEN,MODEM,PLANNER,MONITOR,DESK,TABLE_LAMP,,,
HDMI_CABLE,PEN,ROUTER,PHONE_CASE,PLANNER,BACKPACK,SMARTPHONE,,,
HEADPHONES,CLOCK,EXTERNAL_HDD,LAPTOP,SMARTPHONE,CHARGER,POWER_BANK,,,
CHAIR,ROUTER,STAPLER,MOUSEPAD,WEBCAM,MODEM,DIARY,,,
PLANNER,MODEM,HDMI_CABLE,EXTERNAL_HDD,CHARGER,PEN,USB_DRIVE,,,
USB_DRIVE,STAPLER,HEADPHONES,HDMI_CABLE,MONITOR,EXTERNAL_HDD,KEYBOARD,,,
USB_DRIVE,VR_HEADSET,SMARTPHONE,CLOCK,POWER_BANK,ROUTER,CHARGER,,,
SPEAKERS,ROUTER,MONITOR,HDMI_CABLE,TABLE_LAMP,PHONE_CASE,PRINTER,,,
TABLE_LAMP,HEADPHONES,VR_HEADSET,PRINTER,PEN,SPEAKERS,ROUTER,,,
CLOCK,PRINTER,SPEAKERS,ROUTER,CHAIR,MOUSE,MONITOR,,,
PRINTER,CLOCK,WEBCAM,USB_DRIVE,PEN,POWER_BANK,SMARTPHONE,,,
MOUSEPAD,MOUSE,DIARY,MODEM,NOTEBOOK,PLANNER,KEYBOARD,,,
EXTERNAL_HDD,HDMI_CABLE,KEYBOARD,PLANNER,CHAIR,HEADPHONES,NOTEBOOK,,,
POWER_BANK,LAPTOP,CHARGER,PRINTER,MODEM,DESK,KEYBOARD,,,
VR_HEADSET,KEYBOARD,USB_DRIVE,LAPTOP,TABLE_LAMP,EXTERNAL_HDD,PLANNER,,,
DIARY,HEADPHONES,POWER_BANK,CLOCK,BACKPACK,SMARTPHONE,KEYBOARD,,,
PEN,MOUSE,PLANNER,MONITOR,CHAIR,EXTERNAL_HDD,DIARY,,,
MOUSEPAD,NOTEBOOK,MODEM,POWER_BANK,EXTERNAL_HDD,HDMI_CABLE,PHONE_CASE,,,
PRINTER,MONITOR,KEYBOARD,BACKPACK,SCREEN_GUARD,NOTEBOOK,DESK,,,
TABLE_LAMP,USB_DRIVE,HEADPHONES,PHONE_CASE,MOUSE,MONITOR,CHARGER,,,
PHONE_CASE,MODEM,MOUSEPAD,BACKPACK,DESK,SMARTPHONE,PRINTER,,,
ROUTER,KEYBOARD,DIARY,VR_HEADSET,CLOCK,WEBCAM,MOUSEPAD,,,
STAPLER,PRINTER,HEADPHONES,CHARGER,PEN,MODEM,CLOCK,,,
MODEM,MONITOR,CLOCK,USB_DRIVE,EXTERNAL_HDD,KEYBOARD,MOUSEPAD,,,
HDMI_CABLE,VR_HEADSET,CHAIR,DIARY,STAPLER,MONITOR,ROUTER,,,
STAPLER,NOTEBOOK,POWER_BANK,MODEM,CLOCK,PHONE_CASE,SCREEN_GUARD,,,
VR_HEADSET,MONITOR,DESK,LAPTOP,STAPLER,MOUSEPAD,POWER_BANK,,,
DIARY,ROUTER,MOUSE,BACKPACK,MODEM,HEADPHONES,POWER_BANK,,,
CLOCK,WEBCAM,PLANNER,USB_DRIVE,DESK,MODEM,MOUSE,,,
BACKPACK,EXTERNAL_HDD,LAPTOP,MODEM,SCREEN_GUARD,PEN,DESK,,,
PEN,KEYBOARD,MOUSE,SCREEN_GUARD,MOUSEPAD,SMARTPHONE,VR_HEADSET,,,
KEYBOARD,STAPLER,PEN,DIARY,LAPTOP,WEBCAM,PLANNER,,,
HDMI_CABLE,CLOCK,MOUSE,EXTERNAL_HDD,SCREEN_GUARD,TABLE_LAMP,BACKPACK,,,
DESK,PHONE_CASE,MODEM,WEBCAM,PEN,STAPLER,POWER_BANK,,,
PEN,VR_HEADSET,LAPTOP,PRINTER,CHARGER,DIARY,TABLE_LAMP,,,
NOTEBOOK,USB_DRIVE,VR_HEADSET,PLANNER,SMARTPHONE,CHARGER,DESK,,,
ROUTER,CHAIR,BACKPACK,DESK,SMARTPHONE,PHONE_CASE,KEYBOARD,,,
ROUTER,LAPTOP,EXTERNAL_HDD,PHONE_CASE,PLANNER,DIARY,USB_DRIVE,,,
POWER_BANK,MOUSEPAD,SCREEN_GUARD,PRINTER,MOUSE,ROUTER,MONITOR,,,
VR_HEADSET,USB_DRIVE,DESK,TABLE_LAMP,POWER_BANK,DIARY,CLOCK,,,
SCREEN_GUARD,SPEAKERS,PRINTER,LAPTOP,USB_DRIVE,KEYBOARD,HEADPHONES,,,
CHARGER,PLANNER,EXTERNAL_HDD,SPEAKERS,MOUSEPAD,CLOCK,KEYBOARD,,,
CLOCK,NOTEBOOK,HDMI_CABLE,PLANNER,MOUSEPAD,EXTERNAL_HDD,HEADPHONES,,,
EXTERNAL_HDD,PEN,MODEM,KEYBOARD,WEBCAM,DIARY,POWER_BANK,,,
MOUSEPAD,MODEM,EXTERNAL_HDD,PHONE_CASE,USB_DRIVE,PLANNER,MONITOR,,,
WEBCAM,MODEM,DIARY,POWER_BANK,HDMI_CABLE,VR_HEADSET,CLOCK,,,
SCREEN_GUARD,PHONE_CASE,BACKPACK,ROUTER,WEBCAM,SMARTPHONE,CLOCK,,,
PHONE_CASE,POWER_BANK,MOUSE,SMARTPHONE,DIARY,LAPTOP,DESK,,,
KEYBOARD,VR_HEADSET,PHONE_CASE,EXTERNAL_HDD,LAPTOP,SCREEN_GUARD,NOTEBOOK,,,
HDMI_CABLE,DESK,PLANNER,STAPLER,SMARTPHONE,MOUSEPAD,POWER_BANK,,,
LAPTOP,CHAIR,DESK,MOUSE,VR_HEADSET,CHARGER,WEBCAM,,,
SCREEN_GUARD,HDMI_CABLE,KEYBOARD,PEN,PLANNER,SMARTPHONE,EXTERNAL_HDD,,,
VR_HEADSET,MODEM,LAPTOP,MOUSEPAD,PLANNER,HDMI_CABLE,KEYBOARD,,,
USB_DRIVE,SMARTPHONE,ROUTER,STAPLER,HEADPHONES,LAPTOP,CHAIR,,,
TABLE_LAMP,PEN,CHAIR,PLANNER,MONITOR,DIARY,ROUTER,,,
TABLE_LAMP,SMARTPHONE,MONITOR,PEN,BACKPACK,VR_HEADSET,DIARY,,,
PEN,PLANNER,CLOCK,STAPLER,EXTERNAL_HDD,DIARY,ROUTER,,,
BACKPACK,STAPLER,POWER_BANK,PRINTER,HEADPHONES,DIARY,MODEM,,,
TABLE_LAMP,CLOCK,POWER_BANK,MODEM,MOUSE,VR_HEADSET,SPEAKERS,,,
CLOCK,NOTEBOOK,PHONE_CASE,HDMI_CABLE,USB_DRIVE,SMARTPHONE,PLANNER,,,
HDMI_CABLE,SCREEN_GUARD,DIARY,CHARGER,PRINTER,VR_HEADSET,MOUSEPAD,,,
PLANNER,KEYBOARD,BACKPACK,MOUSE,SPEAKERS,ROUTER,CHARGER,,,
EXTERNAL_HDD,ROUTER,MOUSE,KEYBOARD,MOUSEPAD,PRINTER,PEN,,,
USB_DRIVE,LAPTOP,TABLE_LAMP,BACKPACK,EXTERNAL_HDD,SMARTPHONE,SCREEN_GUARD,,,
KEYBOARD,CLOCK,DIARY,PLANNER,MONITOR,MOUSEPAD,PHONE_CASE,,,
STAPLER,USB_DRIVE,SMARTPHONE,EXTERNAL_HDD,MODEM,SPEAKERS,PEN,,,
HEADPHONES,CLOCK,STAPLER,SPEAKERS,MONITOR,USB_DRIVE,CHAIR,,,
SCREEN_GUARD,SMARTPHONE,HEADPHONES,BACKPACK,VR_HEADSET,SPEAKERS,KEYBOARD,,,
NOTEBOOK,KEYBOARD,DESK,SPEAKERS,PEN,VR_HEADSET,WEBCAM,,,
TABLE_LAMP,NOTEBOOK,PHONE_CASE,MONITOR,DIARY,EXTERNAL_HDD,MODEM,,,
MOUSE,SMARTPHONE,HDMI_CABLE,DESK,LAPTOP,HEADPHONES,CHAIR,,,
VR_HEADSET,SCREEN_GUARD,MODEM,SPEAKERS,DESK,ROUTER,PEN,,,
TABLE_LAMP,CHAIR,MODEM,LAPTOP,USB_DRIVE,KEYBOARD,CHARGER,,,
LAPTOP,POWER_BANK,CHAIR,SPEAKERS,USB_DRIVE,CHARGER,DESK,,,
WEBCAM,CHARGER,BACKPACK,USB_DRIVE,PLANNER,DESK,MODEM,,,
EXTERNAL_HDD,HEADPHONES,DIARY,STAPLER,MOUSEPAD,WEBCAM,PHONE_CASE,,,
CHARGER,BACKPACK,POWER_BANK,MOUSE,PRINTER,SCREEN_GUARD,PLANNER,,,
MODEM,USB_DRIVE,SCREEN_GUARD,KEYBOARD,EXTERNAL_HDD,TABLE_LAMP,PLANNER,,,
HDMI_CABLE,PLANNER,MONITOR,DIARY,POWER_BANK,TABLE_LAMP,EXTERNAL_HDD,,,
POWER_BANK,MONITOR,STAPLER,TABLE_LAMP,VR_HEADSET,CHAIR,MODEM,,,
KEYBOARD,NOTEBOOK,CHAIR,MOUSE,PRINTER,SMARTPHONE,PHONE_CASE,,,
VR_HEADSET,MODEM,DIARY,NOTEBOOK,PEN,PLANNER,CHAIR,,,
KEYBOARD,SMARTPHONE,SCREEN_GUARD,WEBCAM,MONITOR,MOUSEPAD,MODEM,,,
HDMI_CABLE,SPEAKERS,NOTEBOOK,CLOCK,MONITOR,DESK,MOUSE,,,
VR_HEADSET,SPEAKERS,ROUTER,DIARY,SMARTPHONE,SCREEN_GUARD,LAPTOP,,,
BACKPACK,HDMI_CABLE,PLANNER,POWER_BANK,SMARTPHONE,NOTEBOOK,ROUTER,,,
SMARTPHONE,PLANNER,USB_DRIVE,CHARGER,ROUTER,STAPLER,DESK,,,
DIARY,MOUSEPAD,SPEAKERS,CHAIR,PRINTER,WEBCAM,VR_HEADSET,,,
WEBCAM,PLANNER,USB_DRIVE,SMARTPHONE,MOUSEPAD,ROUTER,VR_HEADSET,,,
SPEAKERS,PLANNER,PEN,DIARY,LAPTOP,MOUSE,STAPLER,,,
PEN,ROUTER,SPEAKERS,WEBCAM,DESK,POWER_BANK,PRINTER,,,
HEADPHONES,STAPLER,ROUTER,MODEM,MOUSEPAD,WEBCAM,DESK,,,
WEBCAM,DIARY,TABLE_LAMP,PRINTER,PHONE_CASE,PEN,NOTEBOOK,,,
BACKPACK,CLOCK,SCREEN_GUARD,USB_DRIVE,SMARTPHONE,DIARY,DESK,,,
HEADPHONES,POWER_BANK,STAPLER,LAPTOP,SPEAKERS,PEN,KEYBOARD,,,
HDMI_CABLE,PRINTER,TABLE_LAMP,USB_DRIVE,PEN,STAPLER,PHONE_CASE,,,
BACKPACK,HEADPHONES,PLANNER,KEYBOARD,EXTERNAL_HDD,SCREEN_GUARD,DESK,,,
NOTEBOOK,DIARY,DESK,EXTERNAL_HDD,MODEM,STAPLER,SMARTPHONE,,,
PHONE_CASE,NOTEBOOK,POWER_BANK,MOUSE,KEYBOARD,HEADPHONES,PRINTER,,,
DIARY,HDMI_CABLE,ROUTER,POWER_BANK,PRINTER,KEYBOARD,PEN,,,
WEBCAM,MONITOR,NOTEBOOK,POWER_BANK,HEADPHONES,SPEAKERS,CHAIR,,,
HEADPHONES,STAPLER,NOTEBOOK,MONITOR,MOUSEPAD,EXTERNAL_HDD,USB_DRIVE,,,
NOTEBOOK,DESK,TABLE_LAMP,PRINTER,STAPLER,ROUTER,SPEAKERS,,,
PEN,CHAIR,ROUTER,SPEAKERS,TABLE_LAMP,NOTEBOOK,MOUSE,,,
BACKPACK,MODEM,ROUTER,SPEAKERS,MONITOR,CHAIR,SMARTPHONE,,,
VR_HEADSET,POWER_BANK,DIARY,PLANNER,NOTEBOOK,WEBCAM,PEN,,,
SMARTPHONE,MOUSE,WEBCAM,USB_DRIVE,TABLE_LAMP,DIARY,PEN,,,
MOUSEPAD,BACKPACK,NOTEBOOK,TABLE_LAMP,SMARTPHONE,MOUSE,LAPTOP,,,
STAPLER,EXTERNAL_HDD,BACKPACK,KEYBOARD,PHONE_CASE,CHAIR,SCREEN_GUARD,,,
LAPTOP,POWER_BANK,SMARTPHONE,PLANNER,HEADPHONES,BACKPACK,PHONE_CASE,,,
PLANNER,DIARY,PRINTER,WEBCAM,DESK,POWER_BANK,MODEM,,,
EXTERNAL_HDD,DESK,POWER_BANK,USB_DRIVE,PEN,CHAIR,MOUSEPAD,,,
SMARTPHONE,CLOCK,CHAIR,CHARGER,SCREEN_GUARD,PRINTER,PEN,,,
CLOCK,ROUTER,MODEM,PEN,EXTERNAL_HDD,PRINTER,MONITOR,,,
SMARTPHONE,HDMI_CABLE,CHAIR,DESK,PLANNER,MONITOR,PHONE_CASE,,,
SMARTPHONE,KEYBOARD,LAPTOP,ROUTER,CHARGER,WEBCAM,CHAIR,,,
VR_HEADSET,DIARY,CLOCK,DESK,TABLE_LAMP,POWER_BANK,SMARTPHONE,,,
LAPTOP,DIARY,STAPLER,CHARGER,MONITOR,EXTERNAL_HDD,HDMI_CABLE,,,
CLOCK,TABLE_LAMP,CHAIR,CHARGER,POWER_BANK,ROUTER,USB_DRIVE,,,
NOTEBOOK,CLOCK,SPEAKERS,MOUSE,HEADPHONES,KEYBOARD,LAPTOP,,,
TABLE_LAMP,EXTERNAL_HDD,CHAIR,KEYBOARD,LAPTOP,DIARY,PLANNER,,,
EXTERNAL_HDD,STAPLER,MOUSEPAD,VR_HEADSET,HEADPHONES,SPEAKERS,NOTEBOOK,,,
PEN,MOUSE,CHARGER,WEBCAM,DESK,TABLE_LAMP,HEADPHONES,,,
USB_DRIVE,SPEAKERS,POWER_BANK,CLOCK,VR_HEADSET,KEYBOARD,PLANNER,,,
DIARY,WEBCAM,SPEAKERS,EXTERNAL_HDD,POWER_BANK,SCREEN_GUARD,ROUTER,,,
KEYBOARD,HDMI_CABLE,VR_HEADSET,PRINTER,DESK,MOUSEPAD,DIARY,,,
USB_DRIVE,ROUTER,SPEAKERS,CHARGER,SMARTPHONE,BACKPACK,LAPTOP,,,
CHAIR,EXTERNAL_HDD,DIARY,SPEAKERS,SMARTPHONE,MOUSE,CHARGER,,,
CHAIR,LAPTOP,KEYBOARD,SCREEN_GUARD,HDMI_CABLE,CLOCK,BACKPACK,,,
KEYBOARD,CLOCK,ROUTER,EXTERNAL_HDD,HEADPHONES,DESK,PEN,,,
LAPTOP,CLOCK,PHONE_CASE,VR_HEADSET,DESK,MOUSE,SPEAKERS,,,
NOTEBOOK,SMARTPHONE,MONITOR,USB_DRIVE,PLANNER,BACKPACK,TABLE_LAMP,,,
MONITOR,SMARTPHONE,NOTEBOOK,MODEM,MOUSE,CHAIR,CHARGER,,,
PHONE_CASE,VR_HEADSET,CLOCK,MODEM,PRINTER,ROUTER,STAPLER,,,
CLOCK,WEBCAM,USB_DRIVE,MOUSEPAD,SPEAKERS,CHARGER,SMARTPHONE,,,
MODEM,SMARTPHONE,WEBCAM,BACKPACK,STAPLER,HDMI_CABLE,NOTEBOOK,,,
VR_HEADSET,BACKPACK,PHONE_CASE,CHAIR,PRINTER,WEBCAM,MONITOR,,,
HDMI_CABLE,MOUSEPAD,BACKPACK,SMARTPHONE,LAPTOP,EXTERNAL_HDD,POWER_BANK,,,
HDMI_CABLE,TABLE_LAMP,STAPLER,CHARGER,WEBCAM,ROUTER,POWER_BANK,,,
MOUSEPAD,VR_HEADSET,ROUTER,BACKPACK,SCREEN_GUARD,TABLE_LAMP,MONITOR,,,
KEYBOARD,NOTEBOOK,STAPLER,SCREEN_GUARD,MOUSE,DIARY,VR_HEADSET,,,
POWER_BANK,MOUSEPAD,CLOCK,STAPLER,HDMI_CABLE,MONITOR,PHONE_CASE,,,
TABLE_LAMP,KEYBOARD,BACKPACK,WEBCAM,SCREEN_GUARD,DESK,NOTEBOOK,,,
ROUTER,POWER_BANK,BACKPACK,DIARY,SMARTPHONE,EXTERNAL_HDD,MOUSEPAD,,,
SPEAKERS,ROUTER,VR_HEADSET,MOUSE,SCREEN_GUARD,MODEM,POWER_BANK,,,
PEN,WEBCAM,BACKPACK,CHARGER,STAPLER,MONITOR,DIARY,,,
HEADPHONES,MODEM,BACKPACK,CHAIR,DIARY,PHONE_CASE,PRINTER,,,
PLANNER,CHARGER,VR_HEADSET,MODEM,MONITOR,HDMI_CABLE,USB_DRIVE,,,
ROUTER,USB_DRIVE,KEYBOARD,LAPTOP,MODEM,PRINTER,VR_HEADSET,,,
HEADPHONES,CHARGER,USB_DRIVE,SPEAKERS,CLOCK,ROUTER,STAPLER,,,
SCREEN_GUARD,MOUSEPAD,SMARTPHONE,POWER_BANK,PHONE_CASE,MOUSE,USB_DRIVE,,,
LAPTOP,VR_HEADSET,PLANNER,PHONE_CASE,USB_DRIVE,KEYBOARD,CHARGER,,,
PEN,TABLE_LAMP,KEYBOARD,PLANNER,NOTEBOOK,MOUSEPAD,CLOCK,,,
VR_HEADSET,LAPTOP,MODEM,PRINTER,SPEAKERS,STAPLER,SCREEN_GUARD,,,
STAPLER,ROUTER,PLANNER,PHONE_CASE,DESK,SMARTPHONE,LAPTOP,,,
SCREEN_GUARD,DESK,CLOCK,PRINTER,SPEAKERS,HEADPHONES,DIARY,,,
MOUSEPAD,SMARTPHONE,STAPLER,KEYBOARD,PHONE_CASE,CHARGER,WEBCAM,,,
MODEM,MONITOR,PHONE_CASE,ROUTER,PLANNER,EXTERNAL_HDD,CHARGER,,,
DESK,VR_HEADSET,USB_DRIVE,DIARY,EXTERNAL_HDD,MODEM,CHARGER,,,
STAPLER,CHAIR,SPEAKERS,SCREEN_GUARD,HEADPHONES,PLANNER,EXTERNAL_HDD,,,
PEN,WEBCAM,ROUTER,SCREEN_GUARD,MOUSEPAD,BACKPACK,NOTEBOOK,,,
MONITOR,HEADPHONES,NOTEBOOK,VR_HEADSET,PHONE_CASE,TABLE_LAMP,CHARGER,,,
LAPTOP,DESK,CLOCK,PRINTER,TABLE_LAMP,PEN,DIARY,,,
PRINTER,MONITOR,VR_HEADSET,DESK,LAPTOP,TABLE_LAMP,CLOCK,,,
PRINTER,MODEM,BACKPACK,HDMI_CABLE,SPEAKERS,WEBCAM,TABLE_LAMP,,,
HEADPHONES,MOUSE,LAPTOP,PEN,USB_DRIVE,NOTEBOOK,DIARY,,,
PHONE_CASE,ROUTER,HEADPHONES,STAPLER,VR_HEADSET,PEN,SMARTPHONE,,,
CHAIR,EXTERNAL_HDD,MOUSEPAD,PLANNER,HEADPHONES,STAPLER,CLOCK,,,
KEYBOARD,WEBCAM,STAPLER,DESK,PRINTER,PHONE_CASE,MODEM,,,
STAPLER,MONITOR,MOUSEPAD,PEN,SCREEN_GUARD,KEYBOARD,PLANNER,,,
KEYBOARD,PEN,SMARTPHONE,TABLE_LAMP,SCREEN_GUARD,PLANNER,MONITOR,,,
MONITOR,SCREEN_GUARD,DIARY,SMARTPHONE,DESK,KEYBOARD,USB_DRIVE,,,
PHONE_CASE,MOUSEPAD,LAPTOP,USB_DRIVE,POWER_BANK,MOUSE,HDMI_CABLE,,,
POWER_BANK,CHAIR,EXTERNAL_HDD,MONITOR,TABLE_LAMP,DESK,USB_DRIVE,,,
PHONE_CASE,MOUSE,SCREEN_GUARD,DESK,CLOCK,VR_HEADSET,POWER_BANK,,,
BACKPACK,HEADPHONES,PRINTER,PLANNER,KEYBOARD,WEBCAM,HDMI_CABLE,,,
MOUSEPAD,KEYBOARD,VR_HEADSET,TABLE_LAMP,MODEM,CLOCK,PHONE_CASE,,,
MOUSEPAD,SMARTPHONE,SPEAKERS,POWER_BANK,STAPLER,LAPTOP,VR_HEADSET,,,
WEBCAM,BACKPACK,PHONE_CASE,PLANNER,SPEAKERS,DESK,LAPTOP,,,
BACKPACK,ROUTER,VR_HEADSET,SCREEN_GUARD,PEN,KEYBOARD,HEADPHONES,,,
POWER_BANK,MOUSE,WEBCAM,NOTEBOOK,MODEM,PLANNER,SPEAKERS,,,
DESK,PLANNER,VR_HEADSET,STAPLER,MOUSE,PHONE_CASE,KEYBOARD,,,
CHAIR,LAPTOP,USB_DRIVE,STAPLER,SPEAKERS,PRINTER,PLANNER,,,
PEN,MONITOR,MODEM,WEBCAM,VR_HEADSET,ROUTER,STAPLER,,,
HEADPHONES,MOUSE,STAPLER,NOTEBOOK,MONITOR,DESK,HDMI_CABLE,,,
HEADPHONES,PEN,VR_HEADSET,MONITOR,WEBCAM,CLOCK,ROUTER,,,
USB_DRIVE,EXTERNAL_HDD,TEA,RICE,OATS,NOTEBOOK,,,,
EXTERNAL_HDD,SPEAKERS,CHARGER,CLOCK,WEBCAM,CHEESE,,,,
BREAD,TEA,SPEAKERS,,,,,,,
LAPTOP,MILK,CHEESE,,,,,,,
HDMI_CABLE,COFFEE,MILK,,,,,,,
STAPLER,SMARTPHONE,MODEM,NOTEBOOK,HDMI_CABLE,BISCUIT,,,,
MILK,CHOCOLATE,CLOCK,JAM,DAL,BUTTER,,,,
CHOCOLATE,DAL,EXTERNAL_HDD,HEADPHONES,VR_HEADSET,,,,,
SMARTPHONE,SPEAKERS,MODEM,CHEESE,BUTTER,MAGGI,,,,
MOUSEPAD,BACKPACK,PANEER,BISCUIT,COFFEE,PEN,DIARY,SPEAKERS,CHAIR,TABLE_LAMP
OATS,WEBCAM,MAGGI,JAM,MILK,RICE,MODEM,JUICE,POWER_BANK,EGGS
MOUSEPAD,POWER_BANK,HDMI_CABLE,TEA,CHAIR,,,,,
HDMI_CABLE,HEADPHONES,RICE,BISCUIT,PANEER,KEYBOARD,,,,
STAPLER,BUTTER,JAM,MAGGI,VR_HEADSET,,,,,
SCREEN_GUARD,RICE,OATS,SUGAR,,,,,,
USB_DRIVE,HONEY,KEYBOARD,VR_HEADSET,PANEER,BACKPACK,OATS,MOUSEPAD,SUGAR,PEN
USB_DRIVE,PANEER,COFFEE,CHEESE,JAM,,,,,
JUICE,SMARTPHONE,VR_HEADSET,CHEESE,DAL,TEA,MOUSEPAD,WEBCAM,SCREEN_GUARD,
BUTTER,BACKPACK,HEADPHONES,SPEAKERS,RICE,,,,,
NOTEBOOK,EXTERNAL_HDD,SPEAKERS,DESK,PHONE_CASE,EGGS,,,,
CHOCOLATE,BREAD,MAGGI,CHEESE,BUTTER,HEADPHONES,,,,
BOURNVITA,MOUSEPAD,COFFEE,,,,,,,
HDMI_CABLE,RICE,NOTEBOOK,TEA,KEYBOARD,PLANNER,SUGAR,VR_HEADSET,CHEESE,CLOCK
BREAD,RICE,LAPTOP,BISCUIT,MILK,CHEESE,EGGS,SUGAR,,
MOUSE,HONEY,BISCUIT,EGGS,MOUSEPAD,BACKPACK,PLANNER,MODEM,CHOCOLATE,
HDMI_CABLE,PHONE_CASE,RICE,COFFEE,POWER_BANK,OATS,MOUSEPAD,NOTEBOOK,,
PLANNER,NOTEBOOK,CHEESE,,,,,,,
STAPLER,JUICE,TABLE_LAMP,DIARY,NOTEBOOK,EGGS,DESK,SMARTPHONE,KEYBOARD,PRINTER
COFFEE,BOURNVITA,EXTERNAL_HDD,BISCUIT,TABLE_LAMP,MOUSEPAD,TEA,CHOCOLATE,HEADPHONES,
PRINTER,EGGS,MILK,SPEAKERS,MAGGI,RICE,DESK,CHOCOLATE,HDMI_CABLE,VR_HEADSET
CHAIR,HDMI_CABLE,TABLE_LAMP,MOUSE,BUTTER,MODEM,BISCUIT,PANEER,PHONE_CASE,MAGGI
MOUSE,SCREEN_GUARD,DESK,JUICE,PLANNER,VR_HEADSET,USB_DRIVE,SPEAKERS,CHARGER,MOUSEPAD
STAPLER,HEADPHONES,OATS,,,,,,,
CLOCK,SPEAKERS,BISCUIT,,,,,,,
SUGAR,COFFEE,MONITOR,USB_DRIVE,MAGGI,BOURNVITA,CHOCOLATE,,,
JAM,RICE,MAGGI,EGGS,CHOCOLATE,ROUTER,BUTTER,,,
TEA,PEN,NOTEBOOK,CHARGER,PRINTER,BOURNVITA,MAGGI,JAM,,
MAGGI,JUICE,CHOCOLATE,NOTEBOOK,,,,,,
MODEM,WEBCAM,BISCUIT,SCREEN_GUARD,PHONE_CASE,SUGAR,HDMI_CABLE,POWER_BANK,,
CHEESE,PLANNER,SCREEN_GUARD,,,,,,,
DAL,LAPTOP,MILK,MOUSEPAD,HONEY,ROUTER,,,,
SCREEN_GUARD,HONEY,MONITOR,DESK,,,,,,
HONEY,WEBCAM,SCREEN_GUARD,JUICE,KEYBOARD,VR_HEADSET,PEN,PRINTER,ROUTER,BUTTER
PHONE_CASE,DAL,MOUSE,JUICE,BOURNVITA,BACKPACK,PEN,,,
USB_DRIVE,BOURNVITA,HDMI_CABLE,HEADPHONES,,,,,,
OATS,MILK,CHEESE,TABLE_LAMP,JAM,CLOCK,EGGS,,,
NOTEBOOK,ROUTER,HEADPHONES,SUGAR,COFFEE,BISCUIT,STAPLER,,,
BISCUIT,EXTERNAL_HDD,TABLE_LAMP,NOTEBOOK,VR_HEADSET,ROUTER,SMARTPHONE,LAPTOP,CLOCK,DIARY
HONEY,BUTTER,CHAIR,JAM,PRINTER,BISCUIT,,,,
NOTEBOOK,COFFEE,JAM,DAL,OATS,HONEY,MAGGI,,,
RICE,SUGAR,BOURNVITA,MOUSE,BUTTER,,,,,
PLANNER,RICE,BACKPACK,MOUSE,CLOCK,LAPTOP,CHAIR,HONEY,TEA,JUICE
LAPTOP,BREAD,JUICE,,,,,,,
CHAIR,TABLE_LAMP,CHOCOLATE,CHEESE,,,,,,
ROUTER,NOTEBOOK,OATS,BREAD,DESK,DIARY,CLOCK,,,
WEBCAM,HONEY,DESK,CHARGER,,,,,,
DESK,PRINTER,MODEM,SUGAR,CHARGER,MONITOR,CHOCOLATE,POWER_BANK,HEADPHONES,MOUSEPAD
SMARTPHONE,HONEY,WEBCAM,PEN,PANEER,CHOCOLATE,LAPTOP,DIARY,CHAIR,
EXTERNAL_HDD,EGGS,RICE,,,,,,,
SMARTPHONE,EXTERNAL_HDD,VR_HEADSET,SPEAKERS,STAPLER,HONEY,MODEM,DESK,,
SCREEN_GUARD,CLOCK,VR_HEADSET,TEA,BOURNVITA,BUTTER,KEYBOARD,BREAD,,
PHONE_CASE,MAGGI,STAPLER,SCREEN_GUARD,WEBCAM,JAM,,,,
CHEESE,KEYBOARD,MAGGI,CHOCOLATE,,,,,,
BOURNVITA,PHONE_CASE,OATS,PEN,MILK,JAM,EXTERNAL_HDD,CLOCK,MAGGI,
MAGGI,MILK,MONITOR,,,,,,,
PLANNER,TEA,STAPLER,TABLE_LAMP,BREAD,KEYBOARD,SPEAKERS,DESK,,
MILK,VR_HEADSET,MOUSE,HONEY,MAGGI,BUTTER,MODEM,OATS,BISCUIT,EGGS
EXTERNAL_HDD,SUGAR,LAPTOP,CLOCK,,,,,,
MAGGI,BREAD,OATS,BOURNVITA,LAPTOP,JUICE,PANEER,PHONE_CASE,,
VR_HEADSET,DESK,CHEESE,JUICE,COFFEE,BREAD,MILK,DIARY,SUGAR,
PLANNER,CHOCOLATE,PANEER,BISCUIT,,,,,,
DAL,CHOCOLATE,HONEY,EGGS,BOURNVITA,PLANNER,BISCUIT,OATS,BREAD,CHEESE
PEN,SMARTPHONE,PANEER,PLANNER,BOURNVITA,,,,,
BUTTER,ROUTER,JAM,OATS,BOURNVITA,SUGAR,,,,
JAM,JUICE,MOUSEPAD,CHEESE,TABLE_LAMP,,,,,
PEN,SUGAR,STAPLER,VR_HEADSET,MAGGI,EXTERNAL_HDD,EGGS,RICE,HONEY,
HONEY,PANEER,CHARGER,RICE,BREAD,TEA,,,,
CHEESE,CHOCOLATE,PANEER,SUGAR,COFFEE,BACKPACK,TABLE_LAMP,JAM,OATS,
HDMI_CABLE,BACKPACK,SUGAR,MODEM,PRINTER,MONITOR,NOTEBOOK,DIARY,,
SCREEN_GUARD,POWER_BANK,WEBCAM,TEA,HDMI_CABLE,,,,,
MOUSE,VR_HEADSET,ROUTER,HDMI_CABLE,DESK,COFFEE,NOTEBOOK,,,
PLANNER,MAGGI,VR_HEADSET,MODEM,TEA,COFFEE,EGGS,,,
HONEY,CLOCK,JAM,JUICE,SUGAR,MAGGI,RICE,CHAIR,HDMI_CABLE,MILK
RICE,HONEY,CLOCK,OATS,PANEER,MONITOR,PEN,,,
CHOCOLATE,BACKPACK,TEA,BUTTER,PHONE_CASE,EXTERNAL_HDD,DAL,OATS,,
PHONE_CASE,HDMI_CABLE,BISCUIT,,,,,,,
PLANNER,SUGAR,BOURNVITA,,,,,,,
SMARTPHONE,CLOCK,DAL,BUTTER,,,,,,
SPEAKERS,CHARGER,LAPTOP,MAGGI,JUICE,,,,,
DAL,SPEAKERS,MODEM,CHARGER,LAPTOP,EGGS,STAPLER,,,
PEN,MOUSE,SCREEN_GUARD,HEADPHONES,STAPLER,MAGGI,COFFEE,CLOCK,MODEM,
PANEER,BUTTER,HONEY,TEA,CHEESE,DIARY,EGGS,OATS,COFFEE,MAGGI
BREAD,BUTTER,TABLE_LAMP,JAM,PEN,SUGAR,COFFEE,BOURNVITA,PANEER,OATS
PEN,JAM,HONEY,WEBCAM,PRINTER,SPEAKERS,BOURNVITA,DIARY,VR_HEADSET,SMARTPHONE
SMARTPHONE,MOUSE,MILK,ROUTER,,,,,,
CHOCOLATE,PANEER,COFFEE,JAM,EGGS,BOURNVITA,MILK,EXTERNAL_HDD,TEA,
JUICE,CHEESE,RICE,DESK,SMARTPHONE,BREAD,TEA,HDMI_CABLE,,
CHARGER,HDMI_CABLE,JAM,PANEER,TABLE_LAMP,,,,,
OATS,MOUSE,SPEAKERS,NOTEBOOK,HONEY,CHAIR,BACKPACK,,,
STAPLER,MONITOR,JAM,HONEY,PLANNER,BOURNVITA,,,,
EGGS,CHEESE,TEA,SPEAKERS,PANEER,DAL,,,,
JAM,LAPTOP,OATS,CHEESE,BREAD,USB_DRIVE,MONITOR,COFFEE,,
COFFEE,STAPLER,EGGS,BUTTER,BOURNVITA,BREAD,,,,
JUICE,PANEER,COFFEE,MODEM,POWER_BANK,TEA,DESK,,,
PRINTER,HONEY,JAM,NOTEBOOK,JUICE,WEBCAM,SCREEN_GUARD,DIARY,EGGS,
VR_HEADSET,MAGGI,SCREEN_GUARD,KEYBOARD,TEA,MILK,RICE,,,
CHEESE,BOURNVITA,EXTERNAL_HDD,COFFEE,PANEER,,,,,
VR_HEADSET,POWER_BANK,EXTERNAL_HDD,HONEY,,,,,,
HONEY,OATS,MOUSE,HEADPHONES,STAPLER,MODEM,BISCUIT,EGGS,USB_DRIVE,
WEBCAM,RICE,MODEM,PANEER,EGGS,,,,,
MILK,HONEY,CHOCOLATE,SUGAR,BUTTER,JAM,USB_DRIVE,PANEER,JUICE,
BREAD,ROUTER,JAM,RICE,CLOCK,HEADPHONES,PRINTER,COFFEE,DESK,
EGGS,KEYBOARD,SPEAKERS,,,,,,,
MODEM,PEN,MOUSEPAD,SCREEN_GUARD,WEBCAM,PLANNER,JAM,POWER_BANK,,
PANEER,POWER_BANK,BISCUIT,DAL,RICE,TEA,JUICE,,,
PRINTER,COFFEE,DAL,RICE,BOURNVITA,BUTTER,BISCUIT,SUGAR,MAGGI,
HDMI_CABLE,CHOCOLATE,SPEAKERS,BUTTER,,,,,,
CHOCOLATE,MAGGI,MONITOR,DIARY,,,,,,
POWER_BANK,HONEY,DESK,DAL,RICE,STAPLER,CHOCOLATE,OATS,JUICE,
HONEY,PRINTER,SUGAR,JUICE,COFFEE,BREAD,USB_DRIVE,BISCUIT,LAPTOP,SMARTPHONE
MONITOR,HONEY,EGGS,USB_DRIVE,CHAIR,KEYBOARD,MODEM,BISCUIT,NOTEBOOK,JAM
OATS,RICE,TEA,JAM,COFFEE,CHOCOLATE,DAL,ROUTER,,
MONITOR,TABLE_LAMP,PANEER,EGGS,CHOCOLATE,,,,,
EGGS,RICE,CHOCOLATE,SMARTPHONE,,,,,,
SUGAR,MAGGI,CHARGER,DAL,BISCUIT,CHOCOLATE,MILK,JUICE,,
MODEM,BUTTER,BOURNVITA,,,,,,,
MOUSEPAD,JUICE,MODEM,,,,,,,
MOUSEPAD,MOUSE,EXTERNAL_HDD,NOTEBOOK,WEBCAM,MILK,JUICE,MONITOR,EGGS,
ROUTER,MILK,COFFEE,,,,,,,
WEBCAM,SUGAR,BISCUIT,,,,,,,
OATS,BUTTER,TEA,EGGS,HDMI_CABLE,,,,,
TABLE_LAMP,DIARY,OATS,PRINTER,HEADPHONES,BUTTER,CHOCOLATE,BISCUIT,TEA,
MODEM,STAPLER,DAL,RICE,USB_DRIVE,,,,,
CHEESE,PEN,MAGGI,COFFEE,HONEY,SPEAKERS,KEYBOARD,OATS,JAM,
TEA,POWER_BANK,DESK,CHARGER,,,,,,
OATS,TEA,COFFEE,KEYBOARD,WEBCAM,EGGS,JUICE,PANEER,JAM,
OATS,SCREEN_GUARD,KEYBOARD,PRINTER,MONITOR,USB_DRIVE,BACKPACK,WEBCAM,RICE,SPEAKERS
HDMI_CABLE,MONITOR,POWER_BANK,SUGAR,PEN,,,,,
MODEM,DIARY,SUGAR,,,,,,,
EXTERNAL_HDD,BREAD,JAM,PRINTER,CHOCOLATE,,,,,
NOTEBOOK,STAPLER,HEADPHONES,SCREEN_GUARD,BACKPACK,VR_HEADSET,SPEAKERS,SMARTPHONE,BOURNVITA,LAPTOP
CHARGER,SUGAR,JUICE,MOUSE,CHOCOLATE,PHONE_CASE,EXTERNAL_HDD,,,
SUGAR,MOUSEPAD,SCREEN_GUARD,BREAD,BOURNVITA,TEA,MODEM,MAGGI,RICE,EGGS
EGGS,BUTTER,RICE,CLOCK,LAPTOP,SMARTPHONE,,,,
DIARY,KEYBOARD,PLANNER,DESK,EXTERNAL_HDD,TEA,DAL,JAM,CHARGER,BUTTER
COFFEE,CHARGER,WEBCAM,PEN,MONITOR,,,,,
MOUSE,CHARGER,DIARY,TABLE_LAMP,BREAD,SUGAR,STAPLER,CHOCOLATE,CHEESE,PEN
STAPLER,CHOCOLATE,BREAD,PLANNER,CHAIR,TEA,JUICE,,,
EGGS,PHONE_CASE,MOUSE,VR_HEADSET,JAM,DIARY,,,,
SPEAKERS,WEBCAM,PLANNER,PANEER,MODEM,,,,,
SUGAR,BOURNVITA,MAGGI,EXTERNAL_HDD,COFFEE,OATS,,,,
NOTEBOOK,VR_HEADSET,WEBCAM,SMARTPHONE,SCREEN_GUARD,EGGS,DESK,,,
HEADPHONES,CLOCK,SCREEN_GUARD,MODEM,NOTEBOOK,HONEY,,,,
SUGAR,USB_DRIVE,MILK,CHEESE,CHOCOLATE,BUTTER,,,,
PANEER,BUTTER,JUICE,SCREEN_GUARD,USB_DRIVE,BISCUIT,,,,
POWER_BANK,SUGAR,LAPTOP,,,,,,,
JAM,POWER_BANK,BREAD,DAL,TEA,MONITOR,EXTERNAL_HDD,MOUSEPAD,WEBCAM,
BREAD,DAL,HEADPHONES,BUTTER,HONEY,HDMI_CABLE,WEBCAM,,,
MOUSE,OATS,JAM,SMARTPHONE,BUTTER,POWER_BANK,PHONE_CASE,BACKPACK,,
SPEAKERS,STAPLER,VR_HEADSET,SUGAR,CHARGER,,,,,
PEN,CHEESE,BREAD,DESK,BOURNVITA,ROUTER,RICE,,,
OATS,CHEESE,DIARY,ROUTER,,,,,,
MAGGI,CHAIR,MOUSEPAD,RICE,BOURNVITA,DESK,EGGS,BISCUIT,,
RICE,BOURNVITA,BREAD,ROUTER,OATS,CHOCOLATE,DAL,,,
MILK,PHONE_CASE,TEA,CLOCK,MAGGI,EGGS,BUTTER,PANEER,MOUSEPAD,
PEN,STAPLER,JUICE,OATS,BOURNVITA,,,,,
HONEY,BUTTER,TEA,EGGS,PLANNER,CHEESE,ROUTER,,,
SUGAR,BOURNVITA,MONITOR,BUTTER,BREAD,HDMI_CABLE,COFFEE,RICE,HONEY,CHARGER
STAPLER,MOUSEPAD,MONITOR,SPEAKERS,NOTEBOOK,POWER_BANK,HEADPHONES,SMARTPHONE,MOUSE,BREAD
TEA,KEYBOARD,VR_HEADSET,CHARGER,ROUTER,HDMI_CABLE,PLANNER,,,
PLANNER,VR_HEADSET,OATS,JAM,WEBCAM,CHEESE,MAGGI,BISCUIT,,
PRINTER,MILK,STAPLER,JUICE,,,,,,
BOURNVITA,PANEER,NOTEBOOK,DAL,JUICE,,,,,
STAPLER,ROUTER,BUTTER,CHARGER,HDMI_CABLE,,,,,
KEYBOARD,MONITOR,BREAD,CHEESE,EXTERNAL_HDD,DESK,USB_DRIVE,,,
SPEAKERS,HEADPHONES,PRINTER,SUGAR,COFFEE,MAGGI,,,,
JUICE,TABLE_LAMP,MAGGI,HEADPHONES,BACKPACK,,,,,
CHEESE,SCREEN_GUARD,OATS,POWER_BANK,WEBCAM,CLOCK,HDMI_CABLE,SMARTPHONE,TABLE_LAMP,
PANEER,WEBCAM,POWER_BANK,RICE,BISCUIT,,,,,
PANEER,KEYBOARD,OATS,CHOCOLATE,JUICE,BUTTER,COFFEE,MILK,,
SUGAR,HEADPHONES,DIARY,CHOCOLATE,TEA,,,,,
PLANNER,JUICE,RICE,CHARGER,POWER_BANK,BREAD,EGGS,,,
KEYBOARD,BISCUIT,EGGS,MILK,JUICE,MAGGI,,,,
PLANNER,DIARY,CHOCOLATE,JUICE,EGGS,USB_DRIVE,MOUSE,BREAD,STAPLER,PEN
NOTEBOOK,BISCUIT,BUTTER,,,,,,,
MOUSEPAD,PEN,SUGAR,PLANNER,TEA,,,,,
JUICE,MOUSEPAD,CLOCK,DAL,LAPTOP,TEA,JAM,DIARY,,
ROUTER,MOUSE,PANEER,DIARY,CHAIR,VR_HEADSET,,,,
MODEM,WEBCAM,BOURNVITA,TABLE_LAMP,TEA,,,,,
USB_DRIVE,DESK,MAGGI,SMARTPHONE,STAPLER,,,,,
DAL,MAGGI,TABLE_LAMP,RICE,PANEER,PLANNER,BISCUIT,,,
BISCUIT,OATS,COFFEE,SUGAR,SCREEN_GUARD,PRINTER,CHARGER,,,
CHAIR,SCREEN_GUARD,PHONE_CASE,HONEY,,,,,,
SUGAR,ROUTER,LAPTOP,MONITOR,POWER_BANK,RICE,,,,
WEBCAM,CHEESE,NOTEBOOK,PRINTER,MOUSE,,,,,
TEA,USB_DRIVE,PANEER,CHEESE,OATS,MOUSE,EGGS,,,
MODEM,MOUSEPAD,KEYBOARD,MONITOR,STAPLER,HEADPHONES,NOTEBOOK,COFFEE,LAPTOP,POWER_BANK
MONITOR,DAL,BREAD,,,,,,,
BISCUIT,CLOCK,MONITOR,MOUSEPAD,WEBCAM,LAPTOP,OATS,VR_HEADSET,,
CHEESE,MODEM,JAM,PRINTER,,,,,,
CHARGER,EGGS,MAGGI,VR_HEADSET,USB_DRIVE,SPEAKERS,BACKPACK,,,
DAL,VR_HEADSET,SPEAKERS,MODEM,HONEY,USB_DRIVE,,,,
PLANNER,EGGS,JUICE,JAM,,,,,,
HDMI_CABLE,MODEM,USB_DRIVE,BUTTER,MONITOR,TABLE_LAMP,,,,
CHAIR,HEADPHONES,CHARGER,SUGAR,CLOCK,SPEAKERS,ROUTER,,,
ROUTER,TEA,PANEER,BISCUIT,EGGS,LAPTOP,,,,
DAL,ROUTER,POWER_BANK,,,,,,,
KEYBOARD,MAGGI,ROUTER,HDMI_CABLE,,,,,,
DESK,PEN,DAL,,,,,,,
SCREEN_GUARD,CHEESE,PEN,,,,,,,
EGGS,POWER_BANK,OATS,BISCUIT,SUGAR,NOTEBOOK,SPEAKERS,,,
PHONE_CASE,MAGGI,BUTTER,COFFEE,DIARY,,,,,
BACKPACK,NOTEBOOK,CHAIR,HDMI_CABLE,PANEER,SUGAR,COFFEE,CHEESE,TEA,
CHAIR,EGGS,SCREEN_GUARD,DAL,SMARTPHONE,MAGGI,PANEER,,,
CHAIR,SCREEN_GUARD,STAPLER,KEYBOARD,WEBCAM,TEA,DESK,,,
ROUTER,PLANNER,RICE,HDMI_CABLE,CHARGER,PEN,SMARTPHONE,MOUSEPAD,VR_HEADSET,MAGGI
PANEER,OATS,VR_HEADSET,PLANNER,HEADPHONES,DESK,SPEAKERS,MAGGI,POWER_BANK,
BACKPACK,BISCUIT,CHEESE,BUTTER,,,,,,
HONEY,DAL,PANEER,ROUTER,TEA,BREAD,,,,
JUICE,BUTTER,DIARY,,,,,,,
MILK,SMARTPHONE,MONITOR,PANEER,,,,,,
CHAIR,POWER_BANK,EGGS,CHEESE,USB_DRIVE,,,,,
BUTTER,SUGAR,POWER_BANK,LAPTOP,BREAD,CHEESE,EGGS,,,
MAGGI,CLOCK,DAL,CHEESE,JAM,TABLE_LAMP,COFFEE,KEYBOARD,BUTTER,POWER_BANK
CHEESE,BUTTER,COFFEE,TEA,SPEAKERS,HEADPHONES,LAPTOP,MILK,,
WEBCAM,HONEY,MAGGI,MILK,RICE,HDMI_CABLE,CHEESE,KEYBOARD,JAM,
MODEM,BUTTER,BREAD,MAGGI,DAL,CHEESE,PLANNER,JAM,POWER_BANK,BISCUIT
BOURNVITA,MONITOR,HONEY,SUGAR,PLANNER,DAL,CLOCK,CHOCOLATE,COFFEE,MAGGI
BACKPACK,JUICE,PRINTER,TEA,,,,,,
CHOCOLATE,PHONE_CASE,BOURNVITA,,,,,,,
HONEY,CHOCOLATE,PLANNER,ROUTER,BREAD,STAPLER,DIARY,MONITOR,DESK,
NOTEBOOK,MONITOR,BUTTER,HEADPHONES,PHONE_CASE,SPEAKERS,,,,
DIARY,PHONE_CASE,COFFEE,HEADPHONES,WEBCAM,DESK,USB_DRIVE,EXTERNAL_HDD,DAL,
DIARY,HDMI_CABLE,KEYBOARD,LAPTOP,CHARGER,VR_HEADSET,CLOCK,BISCUIT,MOUSEPAD,STAPLER
MOUSE,PHONE_CASE,BREAD,SUGAR,MONITOR,,,,,
DIARY,POWER_BANK,USB_DRIVE,SMARTPHONE,EGGS,,,,,
HONEY,TEA,MONITOR,BACKPACK,KEYBOARD,,,,,
EXTERNAL_HDD,PEN,SPEAKERS,PHONE_CASE,VR_HEADSET,RICE,DIARY,SMARTPHONE,PRINTER,CLOCK
COFFEE,BACKPACK,CHOCOLATE,,,,,,,
EXTERNAL_HDD,PEN,CHAIR,WEBCAM,PANEER,SMARTPHONE,SCREEN_GUARD,,,
BREAD,BACKPACK,MONITOR,DIARY,RICE,,,,,
PRINTER,BREAD,BACKPACK,,,,,,,
MILK,OATS,BISCUIT,BREAD,JAM,PHONE_CASE,SPEAKERS,HONEY,BOURNVITA,CHOCOLATE
DAL,EGGS,JAM,MAGGI,SUGAR,RICE,BOURNVITA,NOTEBOOK,BUTTER,
BOURNVITA,KEYBOARD,OATS,EGGS,USB_DRIVE,MONITOR,,,,
PEN,MAGGI,CHEESE,POWER_BANK,PLANNER,,,,,
POWER_BANK,EXTERNAL_HDD,BISCUIT,COFFEE,SPEAKERS,HEADPHONES,CHARGER,BREAD,,
BUTTER,RICE,BACKPACK,ROUTER,HONEY,PANEER,EGGS,MILK,JUICE,
BOURNVITA,TABLE_LAMP,PANEER,CHEESE,CHOCOLATE,DAL,,,,
SMARTPHONE,STAPLER,BUTTER,MOUSE,COFFEE,EGGS,HONEY,,,
PEN,SUGAR,SMARTPHONE,,,,,,,
SUGAR,JAM,MILK,BREAD,LAPTOP,,,,,
BOURNVITA,TABLE_LAMP,EGGS,,,,,,,
JUICE,PANEER,BOURNVITA,NOTEBOOK,TEA,,,,,
RICE,MOUSE,MOUSEPAD,,,,,,,
POWER_BANK,HDMI_CABLE,NOTEBOOK,BOURNVITA,TABLE_LAMP,,,,,
CHARGER,PRINTER,DAL,COFFEE,MILK,BISCUIT,JAM,BOURNVITA,MOUSEPAD,
DIARY,BISCUIT,DAL,,,,,,,
CHEESE,TABLE_LAMP,USB_DRIVE,MONITOR,COFFEE,LAPTOP,EXTERNAL_HDD,POWER_BANK,PHONE_CASE,
BISCUIT,PEN,STAPLER,JAM,MILK,MONITOR,BOURNVITA,DAL,RICE,
PRINTER,JAM,STAPLER,CHEESE,CHARGER,PHONE_CASE,TEA,,,
HONEY,OATS,JAM,CHEESE,BREAD,ROUTER,PANEER,,,
SUGAR,DAL,PANEER,SCREEN_GUARD,,,,,,
TABLE_LAMP,TEA,BREAD,,,,,,,
MONITOR,CHEESE,STAPLER,,,,,,,
HDMI_CABLE,WEBCAM,EXTERNAL_HDD,CHEESE,,,,,,
STAPLER,CLOCK,TABLE_LAMP,DIARY,OATS,,,,,
ROUTER,CHAIR,CHARGER,PANEER,BREAD,TEA,PEN,TABLE_LAMP,DESK,
BOURNVITA,TEA,HONEY,EGGS,STAPLER,SUGAR,BREAD,BACKPACK,BISCUIT,
MOUSE,MONITOR,STAPLER,SMARTPHONE,RICE,SUGAR,BREAD,,,
USB_DRIVE,HEADPHONES,PANEER,EXTERNAL_HDD,PHONE_CASE,MOUSEPAD,PRINTER,MONITOR,MAGGI,
MILK,CHARGER,MAGGI,TABLE_LAMP,VR_HEADSET,DIARY,KEYBOARD,TEA,HONEY,JAM
CHOCOLATE,SUGAR,JAM,BISCUIT,BUTTER,MAGGI,SCREEN_GUARD,DAL,OATS,BOURNVITA
DESK,USB_DRIVE,EXTERNAL_HDD,MODEM,DAL,NOTEBOOK,SUGAR,POWER_BANK,ROUTER,
CHARGER,SMARTPHONE,MONITOR,DESK,TEA,,,,,
BISCUIT,PEN,BREAD,EXTERNAL_HDD,RICE,BUTTER,SUGAR,PLANNER,MILK,
VR_HEADSET,RICE,PLANNER,,,,,,,
MILK,KEYBOARD,HONEY,DAL,PHONE_CASE,MONITOR,,,,
STAPLER,SUGAR,CLOCK,,,,,,,
HEADPHONES,CHAIR,BOURNVITA,SPEAKERS,SUGAR,USB_DRIVE,BACKPACK,PEN,,
RICE,TEA,EGGS,DAL,COFFEE,OATS,PANEER,SMARTPHONE,,
HONEY,JAM,SCREEN_GUARD,,,,,,,
KEYBOARD,HEADPHONES,PLANNER,JAM,HDMI_CABLE,SCREEN_GUARD,CHEESE,VR_HEADSET,MODEM,
PANEER,SPEAKERS,JUICE,JAM,MONITOR,CHARGER,HDMI_CABLE,BUTTER,,
OATS,RICE,PEN,BISCUIT,DIARY,ROUTER,CHEESE,CHAIR,DAL,
CHARGER,CHAIR,BREAD,PRINTER,BISCUIT,SCREEN_GUARD,DESK,LAPTOP,PLANNER,ROUTER
MAGGI,MONITOR,BACKPACK,BOURNVITA,,,,,,
KEYBOARD,COFFEE,PLANNER,SPEAKERS,WEBCAM,,,,,
MOUSE,DESK,JAM,OATS,PLANNER,MONITOR,TEA,,,
JUICE,MAGGI,BOURNVITA,RICE,PANEER,MOUSE,EGGS,BISCUIT,,
CHOCOLATE,CHEESE,PLANNER,,,,,,,
NOTEBOOK,SPEAKERS,EGGS,CHAIR,BACKPACK,PLANNER,,,,
MOUSEPAD,MOUSE,NOTEBOOK,SCREEN_GUARD,USB_DRIVE,ROUTER,SUGAR,KEYBOARD,TEA,SMARTPHONE
HDMI_CABLE,HONEY,EGGS,,,,,,,
HONEY,PHONE_CASE,BISCUIT,CHOCOLATE,BREAD,CHAIR,STAPLER,COFFEE,MAGGI,BUTTER
JAM,COFFEE,HDMI_CABLE,BISCUIT,MILK,HONEY,,,,
VR_HEADSET,BUTTER,OATS,WEBCAM,EGGS,JUICE,,,,
EXTERNAL_HDD,PRINTER,BUTTER,BOURNVITA,,,,,,
OATS,DIARY,POWER_BANK,,,,,,,
TABLE_LAMP,COFFEE,DAL,JUICE,POWER_BANK,PHONE_CASE,,,,
BREAD,CHOCOLATE,LAPTOP,SMARTPHONE,DESK,TABLE_LAMP,MAGGI,ROUTER,,
TEA,PANEER,BISCUIT,KEYBOARD,,,,,,
HEADPHONES,COFFEE,PLANNER,,,,,,,
BOURNVITA,RICE,MONITOR,BUTTER,CHOCOLATE,MILK,BREAD,,,
DAL,PRINTER,TABLE_LAMP,CHEESE,EGGS,BREAD,POWER_BANK,,,
EXTERNAL_HDD,OATS,HONEY,SUGAR,COFFEE,CHOCOLATE,,,,
CLOCK,PHONE_CASE,EGGS,CHOCOLATE,,,,,,
PANEER,CHEESE,MOUSE,DIARY,RICE,,,,,
MILK,BREAD,PLANNER,TEA,BISCUIT,MONITOR,BUTTER,CHARGER,MAGGI,
CHAIR,JAM,DESK,CHEESE,BREAD,TEA,HEADPHONES,SMARTPHONE,MILK,COFFEE
TABLE_LAMP,JUICE,HDMI_CABLE,OATS,MOUSE,STAPLER,BREAD,NOTEBOOK,BISCUIT,
SMARTPHONE,ROUTER,EGGS,,,,,,,
TEA,PLANNER,EGGS,DAL,KEYBOARD,POWER_BANK,,,,
JAM,OATS,DESK,JUICE,,,,,,
SCREEN_GUARD,JUICE,HEADPHONES,COFFEE,HDMI_CABLE,,,,,
RICE,DAL,EGGS,COFFEE,BACKPACK,HONEY,CHOCOLATE,,,
EGGS,CHEESE,PANEER,OATS,BACKPACK,DAL,RICE,MODEM,HONEY,
BUTTER,MILK,KEYBOARD,JUICE,PANEER,SUGAR,BOURNVITA,TABLE_LAMP,,
CHARGER,NOTEBOOK,USB_DRIVE,BOURNVITA,,,,,,
DAL,CHOCOLATE,SUGAR,BACKPACK,,,,,,
CLOCK,TABLE_LAMP,ROUTER,COFFEE,BISCUIT,,,,,
SCREEN_GUARD,KEYBOARD,CHARGER,OATS,BISCUIT,JUICE,HDMI_CABLE,RICE,SPEAKERS,
STAPLER,VR_HEADSET,BUTTER,DIARY,CHOCOLATE,,,,,
MOUSEPAD,MODEM,ROUTER,CHARGER,KEYBOARD,BREAD,CHEESE,DESK,,
JUICE,MONITOR,BISCUIT,JAM,NOTEBOOK,ROUTER,POWER_BANK,BREAD,MILK,RICE
MOUSE,TEA,OATS,MODEM,TABLE_LAMP,MILK,LAPTOP,PEN,MONITOR,COFFEE
MILK,DIARY,MOUSE,VR_HEADSET,TABLE_LAMP,BUTTER,,,,
BUTTER,HDMI_CABLE,OATS,DIARY,,,,,,
DIARY,TEA,MODEM,BOURNVITA,,,,,,
BOURNVITA,TEA,TABLE_LAMP,CHEESE,RICE,BISCUIT,,,,
POWER_BANK,OATS,CHARGER,PRINTER,TEA,MILK,,,,
OATS,NOTEBOOK,BISCUIT,PLANNER,SUGAR,SCREEN_GUARD,TEA,JAM,,
JAM,MOUSE,RICE,BISCUIT,POWER_BANK,,,,,
EXTERNAL_HDD,ROUTER,PLANNER,POWER_BANK,RICE,USB_DRIVE,SCREEN_GUARD,KEYBOARD,DIARY,
DAL,CHOCOLATE,TABLE_LAMP,BREAD,,,,,,
KEYBOARD,BISCUIT,MILK,EGGS,DAL,OATS,POWER_BANK,TEA,COFFEE,
WEBCAM,MAGGI,BREAD,KEYBOARD,PANEER,LAPTOP,SUGAR,COFFEE,,
STAPLER,JUICE,SCREEN_GUARD,BACKPACK,EXTERNAL_HDD,EGGS,CHAIR,SMARTPHONE,RICE,
COFFEE,SPEAKERS,HEADPHONES,KEYBOARD,MONITOR,TABLE_LAMP,CHARGER,ROUTER,VR_HEADSET,BISCUIT
POWER_BANK,MONITOR,BACKPACK,LAPTOP,CHAIR,PHONE_CASE,MAGGI,JUICE,,
MAGGI,CHOCOLATE,ROUTER,,,,,,,
HDMI_CABLE,STAPLER,HONEY,LAPTOP,COFFEE,PRINTER,BREAD,,,
STAPLER,PHONE_CASE,BUTTER,POWER_BANK,,,,,,
PRINTER,TEA,BREAD,CHARGER,SCREEN_GUARD,MOUSE,,,,
USB_DRIVE,POWER_BANK,NOTEBOOK,PRINTER,LAPTOP,PLANNER,SCREEN_GUARD,CHAIR,DIARY,TEA
CLOCK,CHAIR,POWER_BANK,CHOCOLATE,STAPLER,,,,,
VR_HEADSET,BISCUIT,COFFEE,SUGAR,HDMI_CABLE,DIARY,,,,
BREAD,ROUTER,WEBCAM,CHOCOLATE,,,,,,
TEA,SPEAKERS,MAGGI,CHEESE,BUTTER,,,,,
PANEER,LAPTOP,MOUSEPAD,ROUTER,PLANNER,HDMI_CABLE,HONEY,PRINTER,,
SPEAKERS,NOTEBOOK,CHAIR,BOURNVITA,ROUTER,,,,,
HEADPHONES,SUGAR,CHOCOLATE,EGGS,BOURNVITA,BREAD,,,,
VR_HEADSET,JAM,PANEER,BOURNVITA,MILK,BUTTER,,,,
MILK,HONEY,TEA,PEN,CHOCOLATE,SUGAR,PLANNER,BOURNVITA,,
VR_HEADSET,DAL,HONEY,DESK,SCREEN_GUARD,HDMI_CABLE,EXTERNAL_HDD,BREAD,EGGS,JAM
POWER_BANK,CHARGER,DESK,BACKPACK,USB_DRIVE,SPEAKERS,BUTTER,KEYBOARD,ROUTER,
SUGAR,MOUSE,CHOCOLATE,DAL,,,,,,
HDMI_CABLE,MODEM,MOUSE,DIARY,DAL,SMARTPHONE,BISCUIT,CHOCOLATE,HONEY,
HDMI_CABLE,STAPLER,BACKPACK,BOURNVITA,,,,,,
CHARGER,TABLE_LAMP,MILK,DIARY,PLANNER,,,,,
SMARTPHONE,PANEER,BREAD,USB_DRIVE,CHOCOLATE,,,,,
MILK,DESK,JUICE,JAM,,,,,,
EXTERNAL_HDD,STAPLER,ROUTER,HEADPHONES,BOURNVITA,LAPTOP,,,,
PEN,MILK,COFFEE,TABLE_LAMP,,,,,,
TABLE_LAMP,BACKPACK,RICE,CLOCK,DESK,WEBCAM,EXTERNAL_HDD,,,
SMARTPHONE,ROUTER,CHARGER,SCREEN_GUARD,DAL,MOUSEPAD,PRINTER,,,
MAGGI,STAPLER,DAL,HDMI_CABLE,,,,,,
MAGGI,TABLE_LAMP,DIARY,,,,,,,
JUICE,HONEY,PHONE_CASE,OATS,,,,,,
NOTEBOOK,PANEER,MODEM,BISCUIT,USB_DRIVE,BACKPACK,VR_HEADSET,CHAIR,POWER_BANK,
BISCUIT,DAL,BACKPACK,CHOCOLATE,TEA,,,,,
BOURNVITA,BREAD,BUTTER,JUICE,RICE,CLOCK,,,,
BISCUIT,CHOCOLATE,BREAD,USB_DRIVE,HDMI_CABLE,BACKPACK,,,,
BOURNVITA,BISCUIT,MAGGI,JUICE,CHOCOLATE,JAM,MODEM,HONEY,,
BOURNVITA,PEN,BREAD,JUICE,,,,,,
EGGS,BOURNVITA,BREAD,STAPLER,DAL,CHEESE,HDMI_CABLE,OATS,MILK,
PHONE_CASE,JAM,USB_DRIVE,TABLE_LAMP,MOUSE,HONEY,EXTERNAL_HDD,HDMI_CABLE,,
USB_DRIVE,SUGAR,SPEAKERS,CHEESE,JUICE,,,,,
HONEY,PANEER,SPEAKERS,RICE,EGGS,BOURNVITA,SUGAR,BISCUIT,BREAD,MILK
ROUTER,CHOCOLATE,BACKPACK,,,,,,,
PHONE_CASE,CHARGER,EGGS,,,,,,,
CHARGER,SUGAR,BACKPACK,COFFEE,BISCUIT,KEYBOARD,,,,
SMARTPHONE,MAGGI,USB_DRIVE,PRINTER,MILK,PEN,CHARGER,LAPTOP,NOTEBOOK,BUTTER
MODEM,DIARY,MONITOR,PHONE_CASE,BREAD,HDMI_CABLE,PRINTER,KEYBOARD,STAPLER,
MONITOR,SUGAR,BOURNVITA,HDMI_CABLE,NOTEBOOK,BUTTER,BISCUIT,,,
CHOCOLATE,COFFEE,BUTTER,MILK,BREAD,PANEER,BISCUIT,PEN,MONITOR,HONEY
OATS,MODEM,MAGGI,EGGS,BREAD,PANEER,DAL,BUTTER,TEA,
CHOCOLATE,COFFEE,BACKPACK,SMARTPHONE,LAPTOP,OATS,STAPLER,,,
DESK,POWER_BANK,HONEY,WEBCAM,CHEESE,SMARTPHONE,,,,
SMARTPHONE,JAM,DAL,TEA,EGGS,BOURNVITA,OATS,BACKPACK,,
CHARGER,HEADPHONES,BISCUIT,,,,,,,
EGGS,BOURNVITA,PHONE_CASE,MOUSE,MAGGI,VR_HEADSET,BISCUIT,,,
KEYBOARD,MILK,COFFEE,,,,,,,
SPEAKERS,MONITOR,CHAIR,CHOCOLATE,,,,,,
HONEY,CHARGER,PANEER,,,,,,,
NOTEBOOK,BOURNVITA,ROUTER,BREAD,CLOCK,,,,,
PEN,BREAD,MONITOR,ROUTER,RICE,,,,,
COFFEE,NOTEBOOK,BUTTER,MOUSE,MONITOR,BOURNVITA,,,,
CHARGER,JUICE,KEYBOARD,PRINTER,EGGS,,,,,
CHEESE,BREAD,BOURNVITA,CHAIR,HDMI_CABLE,TEA,MODEM,JUICE,,
OATS,MAGGI,JUICE,BUTTER,HONEY,CHOCOLATE,SCREEN_GUARD,,,
CLOCK,LAPTOP,RICE,TABLE_LAMP,POWER_BANK,,,,,
MILK,DIARY,JAM,POWER_BANK,HONEY,COFFEE,,,,
STAPLER,KEYBOARD,CLOCK,VR_HEADSET,CHOCOLATE,HEADPHONES,,,,
DIARY,EXTERNAL_HDD,BUTTER,SUGAR,TABLE_LAMP,DESK,,,,
KEYBOARD,MONITOR,MILK,EGGS,TEA,SUGAR,,,,
COFFEE,LAPTOP,JUICE,HDMI_CABLE,WEBCAM,,,,,
CHEESE,STAPLER,MILK,,,,,,,
CHOCOLATE,RICE,MAGGI,LAPTOP,,,,,,
CHEESE,EGGS,KEYBOARD,BOURNVITA,BISCUIT,,,,,
RICE,BOURNVITA,DAL,EXTERNAL_HDD,,,,,,
SMARTPHONE,JUICE,CHARGER,PEN,MOUSEPAD,EXTERNAL_HDD,SPEAKERS,BREAD,DIARY,
EXTERNAL_HDD,COFFEE,MAGGI,BISCUIT,DESK,SUGAR,,,,
CLOCK,EXTERNAL_HDD,SPEAKERS,OATS,LAPTOP,DESK,RICE,USB_DRIVE,KEYBOARD,
MOUSE,USB_DRIVE,JUICE,JAM,HEADPHONES,,,,,
PANEER,EGGS,PEN,LAPTOP,RICE,TEA,CHOCOLATE,,,
MONITOR,BISCUIT,BUTTER,SUGAR,DAL,,,,,
MAGGI,EXTERNAL_HDD,CHOCOLATE,CHARGER,SUGAR,BISCUIT,PANEER,JAM,BACKPACK,
JUICE,BUTTER,COFFEE,CHEESE,CLOCK,USB_DRIVE,MILK,RICE,JAM,
JUICE,EGGS,TEA,MAGGI,PANEER,JAM,DESK,,,
EXTERNAL_HDD,BUTTER,CHOCOLATE,JAM,JUICE,BREAD,BISCUIT,BACKPACK,,
BISCUIT,STAPLER,MOUSE,JAM,KEYBOARD,BACKPACK,,,,
EGGS,BISCUIT,BUTTER,JUICE,TEA,MOUSE,,,,
HDMI_CABLE,STAPLER,MODEM,CLOCK,EXTERNAL_HDD,MOUSEPAD,JUICE,MOUSE,LAPTOP,
TEA,PRINTER,MOUSE,MAGGI,ROUTER,BISCUIT,SPEAKERS,CHOCOLATE,DESK,MODEM
PANEER,BUTTER,RICE,SUGAR,HONEY,OATS,MONITOR,DESK,JUICE,
SMARTPHONE,MAGGI,HEADPHONES,MONITOR,,,,,,
VR_HEADSET,HDMI_CABLE,HEADPHONES,DESK,JAM,MONITOR,EGGS,,,
EGGS,TEA,OATS,MAGGI,SUGAR,HONEY,JAM,PANEER,CHARGER,
BOURNVITA,EGGS,RICE,CHARGER,STAPLER,BISCUIT,,,,
EGGS,CHEESE,SUGAR,MAGGI,BOURNVITA,JAM,NOTEBOOK,HONEY,PANEER,
JAM,BUTTER,HEADPHONES,BISCUIT,,,,,,
JUICE,STAPLER,JAM,,,,,,,
HEADPHONES,SCREEN_GUARD,CLOCK,COFFEE,MOUSE,CHOCOLATE,BISCUIT,JAM,LAPTOP,KEYBOARD
HEADPHONES,COFFEE,PRINTER,MONITOR,BREAD,BISCUIT,POWER_BANK,BACKPACK,PHONE_CASE,
MODEM,MILK,BOURNVITA,BUTTER,CHAIR,BACKPACK,,,,
COFFEE,TEA,MOUSE,DAL,ROUTER,SUGAR,HEADPHONES,SMARTPHONE,SCREEN_GUARD,MILK
CHAIR,SUGAR,CHEESE,BREAD,COFFEE,TEA,OATS,EXTERNAL_HDD,CHARGER,
DIARY,BISCUIT,NOTEBOOK,CLOCK,,,,,,
ROUTER,COFFEE,DAL,RICE,CHOCOLATE,CHARGER,PANEER,SPEAKERS,SUGAR,
STAPLER,MONITOR,EGGS,PLANNER,MOUSE,WEBCAM,,,,
TABLE_LAMP,BISCUIT,KEYBOARD,JUICE,EGGS,TEA,JAM,ROUTER,,
PEN,OATS,HONEY,DAL,SMARTPHONE,COFFEE,DIARY,LAPTOP,CHARGER,BACKPACK
MOUSE,MILK,SUGAR,CLOCK,OATS,MAGGI,SMARTPHONE,,,
MOUSE,SPEAKERS,BISCUIT,CHAIR,MONITOR,PANEER,OATS,,,
CHARGER,MILK,PEN,DAL,,,,,,
PEN,DAL,PANEER,RICE,MONITOR,BOURNVITA,,,,
SPEAKERS,BUTTER,LAPTOP,HONEY,BISCUIT,RICE,COFFEE,BOURNVITA,MILK,CHEESE
TEA,PLANNER,MILK,LAPTOP,,,,,,
BACKPACK,BUTTER,ROUTER,PHONE_CASE,,,,,,
MODEM,BISCUIT,SUGAR,JUICE,,,,,,
BUTTER,KEYBOARD,SCREEN_GUARD,EGGS,PEN,CHOCOLATE,PRINTER,DAL,MOUSEPAD,
NOTEBOOK,HONEY,USB_DRIVE,EGGS,PHONE_CASE,CHAIR,EXTERNAL_HDD,SMARTPHONE,CHARGER,
BOURNVITA,EGGS,ROUTER,JUICE,BISCUIT,PRINTER,CHARGER,,,
SUGAR,MILK,PANEER,EGGS,JAM,BREAD,COFFEE,NOTEBOOK,MAGGI,CHOCOLATE
BACKPACK,PANEER,BREAD,PEN,ROUTER,TEA,BISCUIT,PRINTER,,
JAM,TABLE_LAMP,PHONE_CASE,PANEER,BREAD,,,,,
SCREEN_GUARD,MOUSEPAD,SMARTPHONE,KEYBOARD,PANEER,SPEAKERS,HDMI_CABLE,CHEESE,,
HEADPHONES,JAM,CHEESE,CHOCOLATE,BACKPACK,BISCUIT,,,,
ROUTER,SCREEN_GUARD,CHOCOLATE,KEYBOARD,,,,,,
DAL,JUICE,BUTTER,RICE,OATS,CLOCK,TEA,JAM,PLANNER,SPEAKERS
VR_HEADSET,MAGGI,DESK,SUGAR,HONEY,PEN,MILK,,,
EGGS,DIARY,EXTERNAL_HDD,VR_HEADSET,MONITOR,COFFEE,PLANNER,HEADPHONES,OATS,JUICE
JAM,BUTTER,JUICE,SMARTPHONE,MAGGI,CHARGER,PANEER,EXTERNAL_HDD,PEN,
CLOCK,BACKPACK,JUICE,STAPLER,,,,,,
OATS,MOUSEPAD,RICE,STAPLER,PANEER,BREAD,TEA,CHOCOLATE,MILK,
CLOCK,WEBCAM,HEADPHONES,USB_DRIVE,PEN,EXTERNAL_HDD,CHARGER,BUTTER,,
OATS,MOUSE,BISCUIT,PLANNER,DAL,COFFEE,JUICE,BOURNVITA,CHEESE,BREAD
HONEY,BUTTER,CHARGER,USB_DRIVE,TEA,MAGGI,CHEESE,DESK,BISCUIT,COFFEE
SMARTPHONE,DESK,MONITOR,MAGGI,BREAD,BISCUIT,BACKPACK,PLANNER,BOURNVITA,
BUTTER,WEBCAM,HEADPHONES,TABLE_LAMP,LAPTOP,,,,,
STAPLER,WEBCAM,PEN,PANEER,MILK,OATS,CLOCK,DIARY,PLANNER,
SCREEN_GUARD,NOTEBOOK,ROUTER,STAPLER,TEA,PRINTER,BREAD,,,
TEA,COFFEE,BACKPACK,MILK,BREAD,MAGGI,BOURNVITA,CHOCOLATE,CHEESE,DAL
NOTEBOOK,PANEER,EXTERNAL_HDD,,,,,,,
CHOCOLATE,BREAD,MAGGI,BISCUIT,MILK,DIARY,,,,
BUTTER,EGGS,CHARGER,COFFEE,JAM,TEA,MILK,MAGGI,NOTEBOOK,
EGGS,MONITOR,RICE,MAGGI,CHOCOLATE,BREAD,BISCUIT,,,
CHEESE,MAGGI,DIARY,BREAD,MODEM,LAPTOP,HEADPHONES,NOTEBOOK,,
USB_DRIVE,COFFEE,BOURNVITA,MONITOR,PRINTER,,,,,
HONEY,SUGAR,LAPTOP,,,,,,,
BISCUIT,JUICE,MILK,PLANNER,SUGAR,COFFEE,OATS,MAGGI,,
MILK,BISCUIT,EXTERNAL_HDD,OATS,,,,,,
USB_DRIVE,EXTERNAL_HDD,POWER_BANK,DESK,DIARY,CHOCOLATE,TABLE_LAMP,SPEAKERS,MILK,
SUGAR,JAM,PANEER,CHOCOLATE,HONEY,EXTERNAL_HDD,OATS,COFFEE,BOURNVITA,JUICE
BUTTER,PHONE_CASE,SCREEN_GUARD,SMARTPHONE,MAGGI,HONEY,BACKPACK,,,
PHONE_CASE,CHAIR,USB_DRIVE,NOTEBOOK,JAM,MILK,CHOCOLATE,,,
CHOCOLATE,COFFEE,MILK,MOUSE,,,,,,
PHONE_CASE,PLANNER,JUICE,TEA,PEN,RICE,,,,
SCREEN_GUARD,BACKPACK,CHOCOLATE,SPEAKERS,CHAIR,DESK,WEBCAM,TABLE_LAMP,,
STAPLER,BUTTER,DIARY,KEYBOARD,LAPTOP,SUGAR,PRINTER,CHOCOLATE,HDMI_CABLE,
DAL,RICE,BISCUIT,PEN,HONEY,MODEM,MAGGI,,,
CHOCOLATE,BOURNVITA,SMARTPHONE,MILK,,,,,,
JUICE,HDMI_CABLE,MONITOR,CLOCK,PHONE_CASE,,,,,
JUICE,NOTEBOOK,JAM,MOUSEPAD,MONITOR,,,,,
MONITOR,SPEAKERS,PHONE_CASE,OATS,MODEM,DIARY,TEA,,,
HONEY,COFFEE,WEBCAM,NOTEBOOK,STAPLER,VR_HEADSET,,,,
DAL,MILK,COFFEE,BOURNVITA,MAGGI,TEA,JAM,BREAD,SCREEN_GUARD,
BREAD,HONEY,JAM,MAGGI,OATS,MOUSE,,,,
MILK,PLANNER,DAL,VR_HEADSET,MONITOR,JUICE,BUTTER,EGGS,,
BREAD,MILK,,,,,,,,
BREAD,PHONE_CASE,,,,,,,,
CLOCK,PHONE_CASE,,,,,,,,
CLOCK,LAPTOP,,,,,,,,
CLOCK,LAPTOP,BREAD,,,,,,,
CLOCK,LAPTOP,BREAD,,,,,,,
CLOCK,,,,,,,,,
CLOCK,,,,,,,,,
LAPTOP,,,,,,,,,
